> Task :cacheVersionManifest1.21.1 UP-TO-DATE
> Task :cacheVersionExecutableClient1.21.1 UP-TO-DATE
> Task :cacheVersionExecutableServer1.21.1 UP-TO-DATE
> Task :cacheVersionMappingsClient1.21.1 UP-TO-DATE
> Task :cacheVersionMappingsServer1.21.1 UP-TO-DATE
> Task :neoFormListLibraries UP-TO-DATE
> Task :neoFormStripClient UP-TO-DATE
> Task :neoFormExtractServer UP-TO-DATE
> Task :neoFormStripServer UP-TO-DATE
> Task :neoFormMerge UP-TO-DATE
> Task :neoFormMergeMappings UP-TO-DATE
> Task :neoFormRename UP-TO-DATE
> Task :neoFormDecompile UP-TO-DATE
> Task :create1.21.1ClientExtraJar UP-TO-DATE
> Task :selectRawArtifactNg_dummy_ng.net.minecraft_client_1.21.1_client-extra UP-TO-DATE
> Task :neoFormApplyForgesAccessTransformer UP-TO-DATE
> Task :neoFormInject UP-TO-DATE
> Task :neoFormPatch UP-TO-DATE
> Task :neoFormPatchUserDev UP-TO-DATE
> Task :neoFormApplyOfficialMappings UP-TO-DATE
> Task :neoFormUnzipSources UP-TO-DATE
> Task :neoFormRecompile UP-TO-DATE
> Task :neoFormPackRecomp UP-TO-DATE
> Task :supplyRawJarForneoFormJoined1.21.1-20240808.144430 UP-TO-DATE
> Task :selectRawArtifactNg_dummy_ng.net.neoforged_neoforge_21.1.72 UP-TO-DATE

> Task :compileJava
Note: SpongePowered MIXIN Annotation Processor Version=0.8.5
Note: Supported obfuscation types: ObfuscationServiceMCP supports [searge,notch]
C:\projects\britannia\mod\Britannia_Mod\src\main\java\com\seggellion\britannia_mod\mixin\PlayerSleepMixin.java:14: warning: @Overwrite is missing javadoc comment
    public int getSleepTimer() {
               ^
C:\projects\britannia\mod\Britannia_Mod\src\main\java\com\seggellion\britannia_mod\item\OrderShieldItem.java:31: warning: [removal] initializeClient(Consumer<IClientItemExtensions>) in Item has been deprecated and marked for removal
    public void initializeClient(Consumer<IClientItemExtensions> consumer) {
                ^
C:\projects\britannia\mod\Britannia_Mod\src\main\java\com\seggellion\britannia_mod\gametest\BankDragDepositRoutingGameTests.java:392: warning: [removal] makeMockServerPlayerInLevel() in GameTestHelper has been deprecated and marked for removal
            ServerPlayer player = helper.makeMockServerPlayerInLevel();
                                        ^
C:\projects\britannia\mod\Britannia_Mod\src\main\java\com\seggellion\britannia_mod\gametest\BankingChequeIssuanceProxyServiceGameTests.java:634: warning: [removal] makeMockServerPlayerInLevel() in GameTestHelper has been deprecated and marked for removal
        ServerPlayer player = helper.makeMockServerPlayerInLevel();
                                    ^
C:\projects\britannia\mod\Britannia_Mod\src\main\java\com\seggellion\britannia_mod\gametest\BankingChequeRedemptionProxyServiceGameTests.java:648: warning: [removal] makeMockServerPlayerInLevel() in GameTestHelper has been deprecated and marked for removal
        ServerPlayer player = helper.makeMockServerPlayerInLevel();
                                    ^
C:\projects\britannia\mod\Britannia_Mod\src\main\java\com\seggellion\britannia_mod\gametest\BankingCurrencyDepositProxyServiceGameTests.java:641: warning: [removal] makeMockServerPlayerInLevel() in GameTestHelper has been deprecated and marked for removal
        ServerPlayer player = helper.makeMockServerPlayerInLevel();
                                    ^
C:\projects\britannia\mod\Britannia_Mod\src\main\java\com\seggellion\britannia_mod\gametest\BankingCurrencyWithdrawalProxyServiceGameTests.java:970: warning: [removal] makeMockServerPlayerInLevel() in GameTestHelper has been deprecated and marked for removal
        ServerPlayer player = helper.makeMockServerPlayerInLevel();
                                    ^
C:\projects\britannia\mod\Britannia_Mod\src\main\java\com\seggellion\britannia_mod\gametest\BankingDepositAllCoinsProxyServiceGameTests.java:514: warning: [removal] makeMockServerPlayerInLevel() in GameTestHelper has been deprecated and marked for removal
        ServerPlayer player = helper.makeMockServerPlayerInLevel();
                                    ^
C:\projects\britannia\mod\Britannia_Mod\src\main\java\com\seggellion\britannia_mod\gametest\BankingDepositAllCoinsProxyServiceGameTests.java:520: warning: [removal] makeMockServerPlayerInLevel() in GameTestHelper has been deprecated and marked for removal
        ServerPlayer player = helper.makeMockServerPlayerInLevel();
                                    ^
C:\projects\britannia\mod\Britannia_Mod\src\main\java\com\seggellion\britannia_mod\gametest\BankingDepositProxyServiceGameTests.java:585: warning: [removal] makeMockServerPlayerInLevel() in GameTestHelper has been deprecated and marked for removal
        ServerPlayer player = helper.makeMockServerPlayerInLevel();
                                    ^
C:\projects\britannia\mod\Britannia_Mod\src\main\java\com\seggellion\britannia_mod\gametest\BankingProxyServiceGameTests.java:70: warning: [removal] makeMockServerPlayerInLevel() in GameTestHelper has been deprecated and marked for removal
            ServerPlayer player = helper.makeMockServerPlayerInLevel();
                                        ^
C:\projects\britannia\mod\Britannia_Mod\src\main\java\com\seggellion\britannia_mod\gametest\BankingProxyServiceGameTests.java:86: warning: [removal] makeMockServerPlayerInLevel() in GameTestHelper has been deprecated and marked for removal
            ServerPlayer player = helper.makeMockServerPlayerInLevel();
                                        ^
C:\projects\britannia\mod\Britannia_Mod\src\main\java\com\seggellion\britannia_mod\gametest\BankingProxyServiceGameTests.java:105: warning: [removal] makeMockServerPlayerInLevel() in GameTestHelper has been deprecated and marked for removal
            ServerPlayer player = helper.makeMockServerPlayerInLevel();
                                        ^
C:\projects\britannia\mod\Britannia_Mod\src\main\java\com\seggellion\britannia_mod\gametest\BankingProxyServiceGameTests.java:121: warning: [removal] makeMockServerPlayerInLevel() in GameTestHelper has been deprecated and marked for removal
            ServerPlayer player = helper.makeMockServerPlayerInLevel();
                                        ^
C:\projects\britannia\mod\Britannia_Mod\src\main\java\com\seggellion\britannia_mod\gametest\BankingProxyServiceGameTests.java:142: warning: [removal] makeMockServerPlayerInLevel() in GameTestHelper has been deprecated and marked for removal
            ServerPlayer player = helper.makeMockServerPlayerInLevel();
                                        ^
C:\projects\britannia\mod\Britannia_Mod\src\main\java\com\seggellion\britannia_mod\gametest\BankingProxyServiceGameTests.java:163: warning: [removal] makeMockServerPlayerInLevel() in GameTestHelper has been deprecated and marked for removal
            ServerPlayer player = helper.makeMockServerPlayerInLevel();
                                        ^
C:\projects\britannia\mod\Britannia_Mod\src\main\java\com\seggellion\britannia_mod\gametest\BankingProxyServiceGameTests.java:183: warning: [removal] makeMockServerPlayerInLevel() in GameTestHelper has been deprecated and marked for removal
            ServerPlayer player = helper.makeMockServerPlayerInLevel();
                                        ^
C:\projects\britannia\mod\Britannia_Mod\src\main\java\com\seggellion\britannia_mod\gametest\BankingProxyServiceGameTests.java:206: warning: [removal] makeMockServerPlayerInLevel() in GameTestHelper has been deprecated and marked for removal
        ServerPlayer player = helper.makeMockServerPlayerInLevel();
                                    ^
C:\projects\britannia\mod\Britannia_Mod\src\main\java\com\seggellion\britannia_mod\gametest\BankingProxyServiceGameTests.java:246: warning: [removal] makeMockServerPlayerInLevel() in GameTestHelper has been deprecated and marked for removal
        ServerPlayer player = helper.makeMockServerPlayerInLevel();
                                    ^
C:\projects\britannia\mod\Britannia_Mod\src\main\java\com\seggellion\britannia_mod\gametest\BankingProxyServiceGameTests.java:294: warning: [removal] makeMockServerPlayerInLevel() in GameTestHelper has been deprecated and marked for removal
        ServerPlayer player = helper.makeMockServerPlayerInLevel();
                                    ^
C:\projects\britannia\mod\Britannia_Mod\src\main\java\com\seggellion\britannia_mod\gametest\BankingProxyServiceGameTests.java:351: warning: [removal] makeMockServerPlayerInLevel() in GameTestHelper has been deprecated and marked for removal
        ServerPlayer player = helper.makeMockServerPlayerInLevel();
                                    ^
C:\projects\britannia\mod\Britannia_Mod\src\main\java\com\seggellion\britannia_mod\gametest\BankingProxyServiceGameTests.java:402: warning: [removal] makeMockServerPlayerInLevel() in GameTestHelper has been deprecated and marked for removal
        ServerPlayer player = helper.makeMockServerPlayerInLevel();
                                    ^
C:\projects\britannia\mod\Britannia_Mod\src\main\java\com\seggellion\britannia_mod\gametest\BankingProxyServiceGameTests.java:453: warning: [removal] makeMockServerPlayerInLevel() in GameTestHelper has been deprecated and marked for removal
        ServerPlayer player = helper.makeMockServerPlayerInLevel();
                                    ^
C:\projects\britannia\mod\Britannia_Mod\src\main\java\com\seggellion\britannia_mod\gametest\BankingProxyServiceGameTests.java:499: warning: [removal] makeMockServerPlayerInLevel() in GameTestHelper has been deprecated and marked for removal
        ServerPlayer player = helper.makeMockServerPlayerInLevel();
                                    ^
C:\projects\britannia\mod\Britannia_Mod\src\main\java\com\seggellion\britannia_mod\gametest\BankingProxyServiceGameTests.java:555: warning: [removal] makeMockServerPlayerInLevel() in GameTestHelper has been deprecated and marked for removal
        ServerPlayer player = helper.makeMockServerPlayerInLevel();
                                    ^
C:\projects\britannia\mod\Britannia_Mod\src\main\java\com\seggellion\britannia_mod\gametest\BankingProxyServiceGameTests.java:584: warning: [removal] makeMockServerPlayerInLevel() in GameTestHelper has been deprecated and marked for removal
        ServerPlayer player = helper.makeMockServerPlayerInLevel();
                                    ^
C:\projects\britannia\mod\Britannia_Mod\src\main\java\com\seggellion\britannia_mod\gametest\BankingProxyServiceGameTests.java:631: warning: [removal] makeMockServerPlayerInLevel() in GameTestHelper has been deprecated and marked for removal
        ServerPlayer player = helper.makeMockServerPlayerInLevel();
                                    ^
C:\projects\britannia\mod\Britannia_Mod\src\main\java\com\seggellion\britannia_mod\gametest\BankingTransferPacketServiceGameTests.java:1121: warning: [removal] makeMockServerPlayerInLevel() in GameTestHelper has been deprecated and marked for removal
        ServerPlayer player = helper.makeMockServerPlayerInLevel();
                                    ^
C:\projects\britannia\mod\Britannia_Mod\src\main\java\com\seggellion\britannia_mod\gametest\BankingWithdrawalProxyServiceGameTests.java:806: warning: [removal] makeMockServerPlayerInLevel() in GameTestHelper has been deprecated and marked for removal
        ServerPlayer player = helper.makeMockServerPlayerInLevel();
                                    ^
C:\projects\britannia\mod\Britannia_Mod\src\main\java\com\seggellion\britannia_mod\gametest\BankItemEligibilityGameTests.java:272: warning: [removal] makeMockServerPlayerInLevel() in GameTestHelper has been deprecated and marked for removal
        ServerPlayer player = helper.makeMockServerPlayerInLevel();
                                    ^
C:\projects\britannia\mod\Britannia_Mod\src\main\java\com\seggellion\britannia_mod\gametest\BankTransferPlayerDurabilityGameTests.java:227: warning: [removal] makeMockServerPlayerInLevel() in GameTestHelper has been deprecated and marked for removal
        ServerPlayer player = helper.makeMockServerPlayerInLevel();
                                    ^
C:\projects\britannia\mod\Britannia_Mod\src\main\java\com\seggellion\britannia_mod\gametest\BankTransferPlayerDurabilityGameTests.java:436: warning: [removal] makeMockServerPlayerInLevel() in GameTestHelper has been deprecated and marked for removal
        ServerPlayer player = helper.makeMockServerPlayerInLevel();
                                    ^
C:\projects\britannia\mod\Britannia_Mod\src\main\java\com\seggellion\britannia_mod\gametest\BankTransferReconciliationServiceGameTests.java:598: warning: [removal] makeMockServerPlayerInLevel() in GameTestHelper has been deprecated and marked for removal
        ServerPlayer player = helper.makeMockServerPlayerInLevel();
                                    ^
C:\projects\britannia\mod\Britannia_Mod\src\main\java\com\seggellion\britannia_mod\gametest\BannerLifecycleGameTests.java:68: warning: [removal] makeMockServerPlayerInLevel() in GameTestHelper has been deprecated and marked for removal
        ServerPlayer player = helper.makeMockServerPlayerInLevel();
                                    ^
C:\projects\britannia\mod\Britannia_Mod\src\main\java\com\seggellion\britannia_mod\gametest\BlessedItemInventorySyncGameTests.java:67: warning: [removal] makeMockServerPlayerInLevel() in GameTestHelper has been deprecated and marked for removal
        ServerPlayer player = helper.makeMockServerPlayerInLevel();
                                    ^
C:\projects\britannia\mod\Britannia_Mod\src\main\java\com\seggellion\britannia_mod\gametest\BlessedItemInventorySyncGameTests.java:90: warning: [removal] makeMockServerPlayerInLevel() in GameTestHelper has been deprecated and marked for removal
        ServerPlayer player = helper.makeMockServerPlayerInLevel();
                                    ^
C:\projects\britannia\mod\Britannia_Mod\src\main\java\com\seggellion\britannia_mod\gametest\BlessedItemInventorySyncGameTests.java:105: warning: [removal] makeMockServerPlayerInLevel() in GameTestHelper has been deprecated and marked for removal
        ServerPlayer player = helper.makeMockServerPlayerInLevel();
                                    ^
C:\projects\britannia\mod\Britannia_Mod\src\main\java\com\seggellion\britannia_mod\gametest\BlessedItemInventorySyncGameTests.java:123: warning: [removal] makeMockServerPlayerInLevel() in GameTestHelper has been deprecated and marked for removal
        ServerPlayer player = helper.makeMockServerPlayerInLevel();
                                    ^
C:\projects\britannia\mod\Britannia_Mod\src\main\java\com\seggellion\britannia_mod\gametest\BlessedItemInventorySyncGameTests.java:137: warning: [removal] makeMockServerPlayerInLevel() in GameTestHelper has been deprecated and marked for removal
        ServerPlayer player = helper.makeMockServerPlayerInLevel();
                                    ^
C:\projects\britannia\mod\Britannia_Mod\src\main\java\com\seggellion\britannia_mod\gametest\BlessedItemInventorySyncGameTests.java:152: warning: [removal] makeMockServerPlayerInLevel() in GameTestHelper has been deprecated and marked for removal
        ServerPlayer player = helper.makeMockServerPlayerInLevel();
                                    ^
C:\projects\britannia\mod\Britannia_Mod\src\main\java\com\seggellion\britannia_mod\gametest\BlessedItemInventorySyncGameTests.java:169: warning: [removal] makeMockServerPlayerInLevel() in GameTestHelper has been deprecated and marked for removal
        ServerPlayer player = helper.makeMockServerPlayerInLevel();
                                    ^
C:\projects\britannia\mod\Britannia_Mod\src\main\java\com\seggellion\britannia_mod\gametest\BlessedItemInventorySyncGameTests.java:185: warning: [removal] makeMockServerPlayerInLevel() in GameTestHelper has been deprecated and marked for removal
        ServerPlayer player = helper.makeMockServerPlayerInLevel();
                                    ^
C:\projects\britannia\mod\Britannia_Mod\src\main\java\com\seggellion\britannia_mod\gametest\BlessedItemInventorySyncGameTests.java:197: warning: [removal] makeMockServerPlayerInLevel() in GameTestHelper has been deprecated and marked for removal
        ServerPlayer player = helper.makeMockServerPlayerInLevel();
                                    ^
C:\projects\britannia\mod\Britannia_Mod\src\main\java\com\seggellion\britannia_mod\gametest\BlessedItemInventorySyncGameTests.java:210: warning: [removal] makeMockServerPlayerInLevel() in GameTestHelper has been deprecated and marked for removal
        ServerPlayer player = helper.makeMockServerPlayerInLevel();
                                    ^
C:\projects\britannia\mod\Britannia_Mod\src\main\java\com\seggellion\britannia_mod\gametest\BlessedItemInventorySyncGameTests.java:225: warning: [removal] makeMockServerPlayerInLevel() in GameTestHelper has been deprecated and marked for removal
        ServerPlayer player = helper.makeMockServerPlayerInLevel();
                                    ^
C:\projects\britannia\mod\Britannia_Mod\src\main\java\com\seggellion\britannia_mod\gametest\BlessedItemInventorySyncGameTests.java:242: warning: [removal] makeMockServerPlayerInLevel() in GameTestHelper has been deprecated and marked for removal
        ServerPlayer player = helper.makeMockServerPlayerInLevel();
                                    ^
C:\projects\britannia\mod\Britannia_Mod\src\main\java\com\seggellion\britannia_mod\gametest\BlessedItemInventorySyncGameTests.java:259: warning: [removal] makeMockServerPlayerInLevel() in GameTestHelper has been deprecated and marked for removal
        ServerPlayer player = helper.makeMockServerPlayerInLevel();
                                    ^
C:\projects\britannia\mod\Britannia_Mod\src\main\java\com\seggellion\britannia_mod\gametest\BlessedItemInventorySyncGameTests.java:281: warning: [removal] makeMockServerPlayerInLevel() in GameTestHelper has been deprecated and marked for removal
        ServerPlayer player = helper.makeMockServerPlayerInLevel();
                                    ^
C:\projects\britannia\mod\Britannia_Mod\src\main\java\com\seggellion\britannia_mod\gametest\BlessedItemInventorySyncGameTests.java:300: warning: [removal] makeMockServerPlayerInLevel() in GameTestHelper has been deprecated and marked for removal
        ServerPlayer player = helper.makeMockServerPlayerInLevel();
                                    ^
C:\projects\britannia\mod\Britannia_Mod\src\main\java\com\seggellion\britannia_mod\gametest\BlessedItemInventorySyncGameTests.java:335: warning: [removal] makeMockServerPlayerInLevel() in GameTestHelper has been deprecated and marked for removal
        ServerPlayer player = helper.makeMockServerPlayerInLevel();
                                    ^
C:\projects\britannia\mod\Britannia_Mod\src\main\java\com\seggellion\britannia_mod\gametest\BlessedItemInventorySyncGameTests.java:377: warning: [removal] makeMockServerPlayerInLevel() in GameTestHelper has been deprecated and marked for removal
        ServerPlayer player = helper.makeMockServerPlayerInLevel();
                                    ^
C:\projects\britannia\mod\Britannia_Mod\src\main\java\com\seggellion\britannia_mod\gametest\BlessedItemRescueGameTests.java:55: warning: [removal] makeMockServerPlayerInLevel() in GameTestHelper has been deprecated and marked for removal
        ServerPlayer player = helper.makeMockServerPlayerInLevel();
                                    ^
C:\projects\britannia\mod\Britannia_Mod\src\main\java\com\seggellion\britannia_mod\gametest\BlessedItemRescueGameTests.java:78: warning: [removal] makeMockServerPlayerInLevel() in GameTestHelper has been deprecated and marked for removal
        ServerPlayer player = helper.makeMockServerPlayerInLevel();
                                    ^
C:\projects\britannia\mod\Britannia_Mod\src\main\java\com\seggellion\britannia_mod\gametest\BlessedItemRescueGameTests.java:97: warning: [removal] makeMockServerPlayerInLevel() in GameTestHelper has been deprecated and marked for removal
        ServerPlayer player = helper.makeMockServerPlayerInLevel();
                                    ^
C:\projects\britannia\mod\Britannia_Mod\src\main\java\com\seggellion\britannia_mod\gametest\BlessedItemRescueGameTests.java:126: warning: [removal] makeMockServerPlayerInLevel() in GameTestHelper has been deprecated and marked for removal
        ServerPlayer player = helper.makeMockServerPlayerInLevel();
                                    ^
C:\projects\britannia\mod\Britannia_Mod\src\main\java\com\seggellion\britannia_mod\gametest\BlessedItemRescueGameTests.java:153: warning: [removal] makeMockServerPlayerInLevel() in GameTestHelper has been deprecated and marked for removal
        ServerPlayer player = helper.makeMockServerPlayerInLevel();
                                    ^
C:\projects\britannia\mod\Britannia_Mod\src\main\java\com\seggellion\britannia_mod\gametest\BlessedItemRescueGameTests.java:176: warning: [removal] makeMockServerPlayerInLevel() in GameTestHelper has been deprecated and marked for removal
        ServerPlayer owner = helper.makeMockServerPlayerInLevel();
                                   ^
C:\projects\britannia\mod\Britannia_Mod\src\main\java\com\seggellion\britannia_mod\gametest\BlessedItemRescueGameTests.java:177: warning: [removal] makeMockServerPlayerInLevel() in GameTestHelper has been deprecated and marked for removal
        ServerPlayer holder = helper.makeMockServerPlayerInLevel();
                                    ^
C:\projects\britannia\mod\Britannia_Mod\src\main\java\com\seggellion\britannia_mod\gametest\BlessedItemRescueGameTests.java:202: warning: [removal] makeMockServerPlayerInLevel() in GameTestHelper has been deprecated and marked for removal
        ServerPlayer player = helper.makeMockServerPlayerInLevel();
                                    ^
C:\projects\britannia\mod\Britannia_Mod\src\main\java\com\seggellion\britannia_mod\gametest\BlessedItemRescueGameTests.java:223: warning: [removal] makeMockServerPlayerInLevel() in GameTestHelper has been deprecated and marked for removal
        ServerPlayer player = helper.makeMockServerPlayerInLevel();
                                    ^
C:\projects\britannia\mod\Britannia_Mod\src\main\java\com\seggellion\britannia_mod\gametest\BlessedItemRescueGameTests.java:236: warning: [removal] makeMockServerPlayerInLevel() in GameTestHelper has been deprecated and marked for removal
        ServerPlayer player = helper.makeMockServerPlayerInLevel();
                                    ^
C:\projects\britannia\mod\Britannia_Mod\src\main\java\com\seggellion\britannia_mod\gametest\BlessedItemRescueGameTests.java:254: warning: [removal] makeMockServerPlayerInLevel() in GameTestHelper has been deprecated and marked for removal
        ServerPlayer player = helper.makeMockServerPlayerInLevel();
                                    ^
C:\projects\britannia\mod\Britannia_Mod\src\main\java\com\seggellion\britannia_mod\gametest\CoinConversionMigrationGameTests.java:82: warning: [removal] makeMockServerPlayerInLevel() in GameTestHelper has been deprecated and marked for removal
        ServerPlayer player = helper.makeMockServerPlayerInLevel();
                                    ^
C:\projects\britannia\mod\Britannia_Mod\src\main\java\com\seggellion\britannia_mod\gametest\CoinConversionMigrationGameTests.java:96: warning: [removal] makeMockServerPlayerInLevel() in GameTestHelper has been deprecated and marked for removal
        ServerPlayer player = helper.makeMockServerPlayerInLevel();
                                    ^
C:\projects\britannia\mod\Britannia_Mod\src\main\java\com\seggellion\britannia_mod\gametest\CoinConversionMigrationGameTests.java:112: warning: [removal] makeMockServerPlayerInLevel() in GameTestHelper has been deprecated and marked for removal
        ServerPlayer player = helper.makeMockServerPlayerInLevel();
                                    ^
C:\projects\britannia\mod\Britannia_Mod\src\main\java\com\seggellion\britannia_mod\gametest\CrateLargeStackBreakGameTests.java:226: warning: [removal] makeMockServerPlayerInLevel() in GameTestHelper has been deprecated and marked for removal
        ServerPlayer player = helper.makeMockServerPlayerInLevel();
                                    ^
C:\projects\britannia\mod\Britannia_Mod\src\main\java\com\seggellion\britannia_mod\gametest\CrateLargeStackGameTests.java:256: warning: [removal] makeMockServerPlayerInLevel() in GameTestHelper has been deprecated and marked for removal
        ServerPlayer player = helper.makeMockServerPlayerInLevel();
                                    ^
C:\projects\britannia\mod\Britannia_Mod\src\main\java\com\seggellion\britannia_mod\gametest\CrateLargeStackGrabbyGameTests.java:165: warning: [removal] makeMockServerPlayerInLevel() in GameTestHelper has been deprecated and marked for removal
        ServerPlayer player = helper.makeMockServerPlayerInLevel();
                                    ^
C:\projects\britannia\mod\Britannia_Mod\src\main\java\com\seggellion\britannia_mod\gametest\CrateLargeStackLifecycleGameTests.java:244: warning: [removal] makeMockServerPlayerInLevel() in GameTestHelper has been deprecated and marked for removal
        ServerPlayer player = helper.makeMockServerPlayerInLevel();
                                    ^
C:\projects\britannia\mod\Britannia_Mod\src\main\java\com\seggellion\britannia_mod\gametest\CrateStackAppendPathGameTests.java:321: warning: [removal] makeMockServerPlayerInLevel() in GameTestHelper has been deprecated and marked for removal
        ServerPlayer player = helper.makeMockServerPlayerInLevel();
                                    ^
C:\projects\britannia\mod\Britannia_Mod\src\main\java\com\seggellion\britannia_mod\gametest\CrateStackBreakGameTests.java:235: warning: [removal] makeMockServerPlayerInLevel() in GameTestHelper has been deprecated and marked for removal
        ServerPlayer survivor = helper.makeMockServerPlayerInLevel();
                                      ^
C:\projects\britannia\mod\Britannia_Mod\src\main\java\com\seggellion\britannia_mod\gametest\CrateStackBreakGameTests.java:525: warning: [removal] makeMockServerPlayerInLevel() in GameTestHelper has been deprecated and marked for removal
        ServerPlayer player = helper.makeMockServerPlayerInLevel();
                                    ^
C:\projects\britannia\mod\Britannia_Mod\src\main\java\com\seggellion\britannia_mod\gametest\CrateStackBreakPacketPathGameTests.java:293: warning: [removal] makeMockServerPlayerInLevel() in GameTestHelper has been deprecated and marked for removal
        ServerPlayer player = helper.makeMockServerPlayerInLevel();
                                    ^
C:\projects\britannia\mod\Britannia_Mod\src\main\java\com\seggellion\britannia_mod\gametest\CrateStackFoundationGameTests.java:485: warning: [removal] makeMockServerPlayerInLevel() in GameTestHelper has been deprecated and marked for removal
        ServerPlayer player = helper.makeMockServerPlayerInLevel();
                                    ^
C:\projects\britannia\mod\Britannia_Mod\src\main\java\com\seggellion\britannia_mod\gametest\CrateStackGrabbyGameTests.java:251: warning: [removal] makeMockServerPlayerInLevel() in GameTestHelper has been deprecated and marked for removal
        ServerPlayer player = helper.makeMockServerPlayerInLevel();
                                    ^
C:\projects\britannia\mod\Britannia_Mod\src\main\java\com\seggellion\britannia_mod\gametest\CrateStackInteractionGameTests.java:439: warning: [removal] makeMockServerPlayerInLevel() in GameTestHelper has been deprecated and marked for removal
        ServerPlayer player = helper.makeMockServerPlayerInLevel();
                                    ^
C:\projects\britannia\mod\Britannia_Mod\src\main\java\com\seggellion\britannia_mod\gametest\CrateStackPromotionGameTests.java:202: warning: [removal] makeMockServerPlayerInLevel() in GameTestHelper has been deprecated and marked for removal
        ServerPlayer player = helper.makeMockServerPlayerInLevel();
                                    ^
C:\projects\britannia\mod\Britannia_Mod\src\main\java\com\seggellion\britannia_mod\gametest\DoorAutoCloseGameTests.java:54: warning: [removal] makeMockServerPlayerInLevel() in GameTestHelper has been deprecated and marked for removal
        ServerPlayer blocker = helper.makeMockServerPlayerInLevel();
                                     ^
C:\projects\britannia\mod\Britannia_Mod\src\main\java\com\seggellion\britannia_mod\gametest\EconomicVendorPurchaseGameTests.java:38: warning: [removal] makeMockServerPlayerInLevel() in GameTestHelper has been deprecated and marked for removal
        ServerPlayer player = helper.makeMockServerPlayerInLevel();
                                    ^
C:\projects\britannia\mod\Britannia_Mod\src\main\java\com\seggellion\britannia_mod\gametest\EconomicVendorPurchaseGameTests.java:60: warning: [removal] makeMockServerPlayerInLevel() in GameTestHelper has been deprecated and marked for removal
        ServerPlayer player = helper.makeMockServerPlayerInLevel();
                                    ^
C:\projects\britannia\mod\Britannia_Mod\src\main\java\com\seggellion\britannia_mod\gametest\EconomicVendorPurchaseGameTests.java:75: warning: [removal] makeMockServerPlayerInLevel() in GameTestHelper has been deprecated and marked for removal
        ServerPlayer player = helper.makeMockServerPlayerInLevel();
                                    ^
C:\projects\britannia\mod\Britannia_Mod\src\main\java\com\seggellion\britannia_mod\gametest\EconomicVendorPurchaseGameTests.java:91: warning: [removal] makeMockServerPlayerInLevel() in GameTestHelper has been deprecated and marked for removal
        ServerPlayer player = helper.makeMockServerPlayerInLevel();
                                    ^
C:\projects\britannia\mod\Britannia_Mod\src\main\java\com\seggellion\britannia_mod\gametest\EconomicVendorPurchaseGameTests.java:109: warning: [removal] makeMockServerPlayerInLevel() in GameTestHelper has been deprecated and marked for removal
        ServerPlayer player = helper.makeMockServerPlayerInLevel();
                                    ^
C:\projects\britannia\mod\Britannia_Mod\src\main\java\com\seggellion\britannia_mod\gametest\GrapeArborGameTests.java:61: warning: [removal] makeMockServerPlayerInLevel() in GameTestHelper has been deprecated and marked for removal
        ServerPlayer player = helper.makeMockServerPlayerInLevel();
                                    ^
C:\projects\britannia\mod\Britannia_Mod\src\main\java\com\seggellion\britannia_mod\gametest\GrapeArborGameTests.java:111: warning: [removal] makeMockServerPlayerInLevel() in GameTestHelper has been deprecated and marked for removal
        ServerPlayer anyone = helper.makeMockServerPlayerInLevel();
                                    ^
C:\projects\britannia\mod\Britannia_Mod\src\main\java\com\seggellion\britannia_mod\gametest\GrapeArborGameTests.java:165: warning: [removal] makeMockServerPlayerInLevel() in GameTestHelper has been deprecated and marked for removal
        ServerPlayer player = helper.makeMockServerPlayerInLevel();
                                    ^
C:\projects\britannia\mod\Britannia_Mod\src\main\java\com\seggellion\britannia_mod\gametest\GrapeArborGameTests.java:199: warning: [removal] makeMockServerPlayerInLevel() in GameTestHelper has been deprecated and marked for removal
        ServerPlayer player = helper.makeMockServerPlayerInLevel();
                                    ^
C:\projects\britannia\mod\Britannia_Mod\src\main\java\com\seggellion\britannia_mod\gametest\GrapeArborGameTests.java:260: warning: [removal] makeMockServerPlayerInLevel() in GameTestHelper has been deprecated and marked for removal
        ServerPlayer player = helper.makeMockServerPlayerInLevel();
                                    ^
C:\projects\britannia\mod\Britannia_Mod\src\main\java\com\seggellion\britannia_mod\gametest\GuildTrainingPurchaseGameTests.java:109: warning: [removal] makeMockServerPlayerInLevel() in GameTestHelper has been deprecated and marked for removal
            ServerPlayer player = helper.makeMockServerPlayerInLevel();
                                        ^
C:\projects\britannia\mod\Britannia_Mod\src\main\java\com\seggellion\britannia_mod\gametest\GuildTrainingPurchaseGameTests.java:136: warning: [removal] makeMockServerPlayerInLevel() in GameTestHelper has been deprecated and marked for removal
            ServerPlayer first = helper.makeMockServerPlayerInLevel();
                                       ^
C:\projects\britannia\mod\Britannia_Mod\src\main\java\com\seggellion\britannia_mod\gametest\GuildTrainingPurchaseGameTests.java:137: warning: [removal] makeMockServerPlayerInLevel() in GameTestHelper has been deprecated and marked for removal
            ServerPlayer second = helper.makeMockServerPlayerInLevel();
                                        ^
C:\projects\britannia\mod\Britannia_Mod\src\main\java\com\seggellion\britannia_mod\gametest\GuildTrainingPurchaseGameTests.java:168: warning: [removal] makeMockServerPlayerInLevel() in GameTestHelper has been deprecated and marked for removal
            ServerPlayer player = helper.makeMockServerPlayerInLevel();
                                        ^
C:\projects\britannia\mod\Britannia_Mod\src\main\java\com\seggellion\britannia_mod\gametest\ManagedExtractionPolicyGameTests.java:159: warning: [removal] makeMockServerPlayerInLevel() in GameTestHelper has been deprecated and marked for removal
        ServerPlayer player = helper.makeMockServerPlayerInLevel();
                                    ^
C:\projects\britannia\mod\Britannia_Mod\src\main\java\com\seggellion\britannia_mod\gametest\ManagedVegetationGameTests.java:63: warning: [removal] makeMockServerPlayerInLevel() in GameTestHelper has been deprecated and marked for removal
        ServerPlayer placer = helper.makeMockServerPlayerInLevel();
                                    ^
C:\projects\britannia\mod\Britannia_Mod\src\main\java\com\seggellion\britannia_mod\gametest\ManagedVegetationGameTests.java:108: warning: [removal] makeMockServerPlayerInLevel() in GameTestHelper has been deprecated and marked for removal
        ServerPlayer placer = helper.makeMockServerPlayerInLevel();
                                    ^
C:\projects\britannia\mod\Britannia_Mod\src\main\java\com\seggellion\britannia_mod\gametest\ManagedVegetationGameTests.java:141: warning: [removal] makeMockServerPlayerInLevel() in GameTestHelper has been deprecated and marked for removal
                level, base, level.getBlockState(base), helper.makeMockServerPlayerInLevel()
                                                              ^
C:\projects\britannia\mod\Britannia_Mod\src\main\java\com\seggellion\britannia_mod\gametest\ManagedVegetationGameTests.java:187: warning: [removal] makeMockServerPlayerInLevel() in GameTestHelper has been deprecated and marked for removal
        ServerPlayer placer = helper.makeMockServerPlayerInLevel();
                                    ^
C:\projects\britannia\mod\Britannia_Mod\src\main\java\com\seggellion\britannia_mod\gametest\MiningGateGameTests.java:43: warning: [removal] makeMockServerPlayerInLevel() in GameTestHelper has been deprecated and marked for removal
        ServerPlayer player = helper.makeMockServerPlayerInLevel();
                                    ^
C:\projects\britannia\mod\Britannia_Mod\src\main\java\com\seggellion\britannia_mod\gametest\MiningGateGameTests.java:184: warning: [removal] makeMockServerPlayerInLevel() in GameTestHelper has been deprecated and marked for removal
        ServerPlayer miner = helper.makeMockServerPlayerInLevel();
                                   ^
C:\projects\britannia\mod\Britannia_Mod\src\main\java\com\seggellion\britannia_mod\gametest\MiningGateGameTests.java:216: warning: [removal] makeMockServerPlayerInLevel() in GameTestHelper has been deprecated and marked for removal
        ServerPlayer admin = helper.makeMockServerPlayerInLevel();
                                   ^
Note: Some input files use or override a deprecated API.
Note: Recompile with -Xlint:deprecation for details.
Note: Some input files additionally use or override a deprecated API that is marked for removal.
Note: Some input files use unchecked or unsafe operations.
Note: Recompile with -Xlint:unchecked for details.
100 warnings

> Task :generateAlligatorGameTestStructure UP-TO-DATE
> Task :generateBuildInfo
> Task :generateEdgeFenceGameTestStructure UP-TO-DATE
> Task :generateModMetadata UP-TO-DATE
> Task :generateServiceNpcSpawnGameTestStructure UP-TO-DATE
> Task :generateWallPairGameTestStructure UP-TO-DATE
> Task :validateTrainingDummyGeo
> Task :processResources
> Task :classes
> Task :compileScaffoldJava UP-TO-DATE
> Task :processScaffoldResources NO-SOURCE
> Task :scaffoldClasses UP-TO-DATE
> Task :compileTestJava UP-TO-DATE
> Task :processTestResources UP-TO-DATE
> Task :testClasses UP-TO-DATE
> Task :test
> Task :neoFormJoined1.21.1-20240808.144430DownloadAssets UP-TO-DATE
> Task :neoFormJoined1.21.1-20240808.144430ExtractNatives UP-TO-DATE
> Task :writeMinecraftClasspathGameTestServer UP-TO-DATE

> Task :runGameTestServer
[10:20:50.841] [main/INFO] [Launcher/MODLAUNCHER]: ModLauncher running: args [--launchTarget, forgeserveruserdev, --gameDir, ., --fml.neoForgeVersion, 21.1.72, --fml.fmlVersion, 4.0.29, --fml.mcVersion, 1.21.1, --fml.neoFormVersion, 20240808.144430] 
[10:20:50.858] [main/INFO] [Launcher/MODLAUNCHER]: JVM identified as Microsoft OpenJDK 64-Bit Server VM 21.0.8+9-LTS 
[10:20:50.863] [main/INFO] [Launcher/MODLAUNCHER]: ModLauncher 11.0.4+main.d2e20e43 starting: java version 21.0.8 by Microsoft; OS Windows 11 arch amd64 version 10.0 
[10:20:51.035] [main/WARN] [loading.FMLConfig/CORE]: Configuration file C:\projects\britannia\mod\Britannia_Mod\tmp\plaster-corner-0.1.8d\shared-wall-validation\green-cache-world\config\fml.toml is not correct. Correcting 
[10:20:51.040] [main/INFO] [loading.FMLConfig/CORE]: Incorrect key [disableConfigWatcher] was corrected from null to false 
[10:20:51.040] [main/INFO] [loading.FMLConfig/CORE]: Incorrect key [earlyWindowSkipGLVersions] was corrected from null to [] 
[10:20:51.040] [main/INFO] [loading.FMLConfig/CORE]: Incorrect key [earlyWindowSquir] was corrected from null to false 
[10:20:51.072] [main/INFO] [loading.ImmediateWindowHandler/]: ImmediateWindowProvider not loading because launch target is forgeserveruserdev 
[10:20:51.120] [main/INFO] [mixin/]: SpongePowered MIXIN Subsystem Version=0.8.7 Source=union:/C:/Users/dusti/.gradle/caches/modules-2/files-2.1/net.fabricmc/sponge-mixin/0.15.2+mixin.0.8.7/2af2f021d8e02a0220dc27a7a72b4666d66d44ca/sponge-mixin-0.15.2+mixin.0.8.7.jar%23136!/ Service=ModLauncher Env=SERVER 
[10:20:51.354] [main/INFO] [loading.moddiscovery.ModDiscoverer/SCAN]: Found mod file "neoforge-21.1.72.jar" [locator: neoforge devenv provider ([C:\projects\britannia\mod\Britannia_Mod\.gradle\repositories\ng_dummy_ng\net\neoforged\neoforge\21.1.72\neoforge-21.1.72.jar])] 
[10:20:51.376] [main/INFO] [loading.moddiscovery.ModDiscoverer/SCAN]: Found mod file "neoforge-21.1.72.jar" [locator: neoforge devenv provider ([C:\projects\britannia\mod\Britannia_Mod\.gradle\repositories\ng_dummy_ng\net\neoforged\neoforge\21.1.72\neoforge-21.1.72.jar])] 
[10:20:51.390] [main/INFO] [loading.moddiscovery.ModDiscoverer/SCAN]: Found mod file "main" [locator: userdev mods and services, reader: mod manifest] 
[10:20:51.401] [main/INFO] [loading.moddiscovery.ModDiscoverer/SCAN]: Found mod file "neoforge-21.1.72.jar" [locator: userdev mods and services, reader: mod manifest] 
[10:20:51.408] [main/INFO] [loading.moddiscovery.ModDiscoverer/SCAN]: Found mod file "geckolib-neoforge-1.21.1-4.6.6.jar" [locator: userdev mods and services, reader: mod manifest] 
[10:20:51.447] [main/INFO] [loading.moddiscovery.ModDiscoverer/SCAN]: Found gamelibrary file "mixinextras-neoforge-0.4.1.jar" [locator: userdev mods and services, reader: mod manifest] 
[10:20:51.804] [main/WARN] [selection.JarSelector/]: Attempted to select a dependency jar for JarJar which was passed in as source: mixinextras-neoforge-0.4.1.jar. Using Mod File: C:\Users\dusti\.gradle\caches\modules-2\files-2.1\io.github.llamalad7\mixinextras-neoforge\0.4.1\eff97772ecd0dcf8e52cdbafd3b3ccec425f8314\mixinextras-neoforge-0.4.1.jar 
[10:20:51.804] [main/INFO] [loading.moddiscovery.locators.JarInJarDependencyLocator/]: Found 1 dependencies adding them to mods collection 
[10:20:51.804] [main/INFO] [loading.moddiscovery.ModDiscoverer/SCAN]: Found library file "neoforge-coremods-21.1.72.jar" [parent: neoforge-21.1.72.jar, locator: jarinjar, reader: mod manifest] 
[10:20:51.804] [main/INFO] [loading.moddiscovery.ModDiscoverer/]: 
     Mod List:
		Name Version (Mod Id)

		Britannia 0.1.8d (britannia_mod)
		GeckoLib 4 4.6.6 (geckolib)
		Minecraft 1.21.1 (minecraft)
		NeoForge 21.1.72 (neoforge) 
[10:20:52.837] [main/INFO] [mixin/]: Compatibility level set to JAVA_21 
[10:20:52.850] [main/INFO] [LaunchServiceHandler/MODLAUNCHER]: Launching target 'forgeserveruserdev' with arguments [--gameDir, .] 
[10:20:52.958] [main/WARN] [mixin/]: Reference map 'britannia_mod.refmap.json' for britannia_mod.mixins.json could not be read. If this is a development environment you can ignore this message 
[10:20:52.958] [main/WARN] [mixin/]: Reference map 'geckolib.refmap.json' for geckolib.mixins.json could not be read. If this is a development environment you can ignore this message 
WARN StatusConsoleListener Advanced terminal features are not available in this environment
[10:20:55] [main/INFO] [MixinExtras|Service/]: Initializing MixinExtras via com.llamalad7.mixinextras.service.MixinExtrasServiceImpl(version=0.4.1).
[10:21:02] [main/WARN] [minecraft/Commands]: Ambiguity between arguments [teleport, location] and [teleport, destination] with inputs: [0.1 -0.5 .9, 0 0 0]
[10:21:02] [main/WARN] [minecraft/Commands]: Ambiguity between arguments [teleport, location] and [teleport, targets] with inputs: [0.1 -0.5 .9, 0 0 0]
[10:21:02] [main/WARN] [minecraft/Commands]: Ambiguity between arguments [teleport, destination] and [teleport, targets] with inputs: [Player, 0123, @e, dd12be42-52a9-4a91-a8a1-11c01849e498]
[10:21:02] [main/WARN] [minecraft/Commands]: Ambiguity between arguments [teleport, targets] and [teleport, destination] with inputs: [Player, 0123, dd12be42-52a9-4a91-a8a1-11c01849e498]
[10:21:02] [main/WARN] [minecraft/Commands]: Ambiguity between arguments [teleport, targets, location] and [teleport, targets, destination] with inputs: [0.1 -0.5 .9, 0 0 0]
[10:21:02] [modloading-worker-0/INFO] [co.se.br.BritanniaMod/]: Initializing BritanniaMod
[10:21:02] [modloading-worker-0/INFO] [ne.ne.ne.co.NeoForgeMod/NEOFORGE-MOD]: NeoForge mod loading, version 21.1.72, for MC 1.21.1
[10:21:02] [modloading-worker-0/INFO] [co.se.br.ut.OreVeinLoader/]: Initializing OreVeinLoader
[10:21:02] [modloading-worker-0/INFO] [co.se.br.ut.OreVeinLoader/]: Loaded 10 ore veins.
[10:21:02] [modloading-worker-0/INFO] [co.se.br.ut.OreVeinLoader/]: Ore Vein Loaded: shadow_iron at BlockPos{x=240, y=-50, z=100} radius 35
[10:21:02] [modloading-worker-0/INFO] [co.se.br.ut.OreVeinLoader/]: Ore Vein Loaded: tin at BlockPos{x=220, y=-50, z=100} radius 35
[10:21:02] [modloading-worker-0/INFO] [co.se.br.ut.OreVeinLoader/]: Ore Vein Loaded: agapite at BlockPos{x=200, y=-50, z=100} radius 8
[10:21:02] [modloading-worker-0/INFO] [co.se.br.ut.OreVeinLoader/]: Ore Vein Loaded: copper at BlockPos{x=180, y=-50, z=100} radius 15
[10:21:02] [modloading-worker-0/INFO] [co.se.br.ut.OreVeinLoader/]: Ore Vein Loaded: iron at BlockPos{x=160, y=-50, z=100} radius 90
[10:21:02] [modloading-worker-0/INFO] [co.se.br.ut.OreVeinLoader/]: Ore Vein Loaded: gold at BlockPos{x=140, y=-50, z=100} radius 50
[10:21:02] [modloading-worker-0/INFO] [co.se.br.ut.OreVeinLoader/]: Ore Vein Loaded: silver at BlockPos{x=120, y=-50, z=100} radius 50
[10:21:02] [modloading-worker-0/INFO] [co.se.br.ut.OreVeinLoader/]: Ore Vein Loaded: verite at BlockPos{x=40, y=-50, z=100} radius 20
[10:21:02] [modloading-worker-0/INFO] [co.se.br.ut.OreVeinLoader/]: Ore Vein Loaded: valorite at BlockPos{x=20, y=-50, z=100} radius 50
[10:21:02] [modloading-worker-0/INFO] [co.se.br.ut.OreVeinLoader/]: Ore Vein Loaded: coal at BlockPos{x=80, y=-50, z=100} radius 50
[10:21:02] [modloading-worker-0/INFO] [co.se.br.sk.cr.CraftableRegistry/]: Loaded 204 authoritative Blacksmithing recipes
[10:21:02] [modloading-worker-0/INFO] [co.se.br.mi.Mineables/]: Loaded 29 mineable definitions (29 active covering 33 blocks)
[10:21:02] [modloading-worker-0/INFO] [co.se.br.re.Resources/]: Loaded 29 resource definitions (9 ore, 17 stone, 2 sediment, 11 generatable)
[10:21:03] [modloading-worker-0/INFO] [co.se.br.re.FishRegistry/]: Registered 77 fish blocks and items.
[10:21:03] [modloading-worker-0/INFO] [co.se.br.re.PaintingRegistry/]: Registered 3 painting blocks and items.
[10:21:03] [modloading-worker-0/WARN] [co.se.br.co.ModConfig/]: Could not load configuration file, using defaults.
java.io.FileNotFoundException: config\britannia_mod.properties (The system cannot find the file specified)
	at java.base/java.io.FileInputStream.open0(Native Method) ~[?:?] {}
	at java.base/java.io.FileInputStream.open(FileInputStream.java:213) ~[?:?] {}
	at java.base/java.io.FileInputStream.<init>(FileInputStream.java:152) ~[?:?] {}
	at java.base/java.io.FileInputStream.<init>(FileInputStream.java:106) ~[?:?] {}
	at TRANSFORMER/britannia_mod@0.1.8d/com.seggellion.britannia_mod.config.ModConfig.loadConfig(ModConfig.java:22) ~[%23193!/:?] {re:classloading}
	at TRANSFORMER/britannia_mod@0.1.8d/com.seggellion.britannia_mod.registry.ConfigRegistry.register(ConfigRegistry.java:10) ~[%23193!/:?] {re:classloading}
	at TRANSFORMER/britannia_mod@0.1.8d/com.seggellion.britannia_mod.BritanniaMod.<init>(BritanniaMod.java:178) ~[%23193!/:?] {re:classloading}
	at java.base/jdk.internal.reflect.DirectConstructorHandleAccessor.newInstance(DirectConstructorHandleAccessor.java:62) ~[?:?] {}
	at java.base/java.lang.reflect.Constructor.newInstanceWithCaller(Constructor.java:502) ~[?:?] {}
	at java.base/java.lang.reflect.Constructor.newInstance(Constructor.java:486) ~[?:?] {}
	at MC-BOOTSTRAP/fml_loader@4.0.29/net.neoforged.fml.javafmlmod.FMLModContainer.constructMod(FMLModContainer.java:115) ~[loader-4.0.29.jar%23144!/:4.0] {}
	at MC-BOOTSTRAP/fml_loader@4.0.29/net.neoforged.fml.ModLoader.lambda$constructMods$3(ModLoader.java:153) ~[loader-4.0.29.jar%23144!/:4.0] {}
	at MC-BOOTSTRAP/fml_loader@4.0.29/net.neoforged.fml.ModLoader.lambda$dispatchParallelTask$7(ModLoader.java:231) ~[loader-4.0.29.jar%23144!/:4.0] {}
	at java.base/java.util.concurrent.CompletableFuture.uniHandle(CompletableFuture.java:934) [?:?] {}
	at java.base/java.util.concurrent.CompletableFuture$UniHandle.tryFire(CompletableFuture.java:911) [?:?] {}
	at java.base/java.util.concurrent.CompletableFuture$Completion.exec(CompletableFuture.java:483) [?:?] {}
	at java.base/java.util.concurrent.ForkJoinTask.doExec(ForkJoinTask.java:387) [?:?] {}
	at java.base/java.util.concurrent.ForkJoinPool$WorkQueue.topLevelExec(ForkJoinPool.java:1312) [?:?] {}
	at java.base/java.util.concurrent.ForkJoinPool.scan(ForkJoinPool.java:1843) [?:?] {}
	at java.base/java.util.concurrent.ForkJoinPool.runWorker(ForkJoinPool.java:1808) [?:?] {}
	at java.base/java.util.concurrent.ForkJoinWorkerThread.run(ForkJoinWorkerThread.java:188) [?:?] {}
[10:21:03] [modloading-worker-0/INFO] [co.se.br.ev.ForgeEventHandler/]: ForgeEventHandler instantiated
[10:21:05] [modloading-sync-worker/INFO] [co.se.br.fa.FarmingSkillRequirementValidator/]: Validated Farming skill requirements: 74 species, 67 crops, 7 flowers, 74 planting items
[10:21:05] [main/ERROR] [minecraft/Settings]: Failed to load properties from file: server.properties
java.nio.file.NoSuchFileException: server.properties
	at java.base/sun.nio.fs.WindowsException.translateToIOException(WindowsException.java:85) ~[?:?] {}
	at java.base/sun.nio.fs.WindowsException.rethrowAsIOException(WindowsException.java:103) ~[?:?] {}
	at java.base/sun.nio.fs.WindowsException.rethrowAsIOException(WindowsException.java:108) ~[?:?] {}
	at java.base/sun.nio.fs.WindowsFileSystemProvider.newByteChannel(WindowsFileSystemProvider.java:234) ~[?:?] {}
	at java.base/java.nio.file.Files.newByteChannel(Files.java:380) ~[?:?] {}
	at java.base/java.nio.file.Files.newByteChannel(Files.java:432) ~[?:?] {}
	at java.base/java.nio.file.spi.FileSystemProvider.newInputStream(FileSystemProvider.java:420) ~[?:?] {}
	at java.base/java.nio.file.Files.newInputStream(Files.java:160) ~[?:?] {}
	at TRANSFORMER/minecraft@1.21.1/net.minecraft.server.dedicated.Settings.loadFromFile(Settings.java:38) ~[neoforge-21.1.72.jar%23191!/:?] {re:classloading}
	at TRANSFORMER/minecraft@1.21.1/net.minecraft.server.dedicated.DedicatedServerProperties.fromFile(DedicatedServerProperties.java:132) ~[neoforge-21.1.72.jar%23191!/:?] {re:classloading}
	at TRANSFORMER/minecraft@1.21.1/net.minecraft.server.dedicated.DedicatedServerSettings.<init>(DedicatedServerSettings.java:12) ~[neoforge-21.1.72.jar%23191!/:?] {re:classloading}
	at TRANSFORMER/minecraft@1.21.1/net.minecraft.server.Main.main(Main.java:125) ~[neoforge-21.1.72.jar%23191!/:?] {re:classloading}
	at java.base/jdk.internal.reflect.DirectMethodHandleAccessor.invoke(DirectMethodHandleAccessor.java:103) ~[?:?] {}
	at java.base/java.lang.reflect.Method.invoke(Method.java:580) ~[?:?] {}
	at MC-BOOTSTRAP/fml_loader@4.0.29/net.neoforged.fml.loading.targets.CommonLaunchHandler.runTarget(CommonLaunchHandler.java:136) ~[loader-4.0.29.jar%23144!/:4.0] {}
	at MC-BOOTSTRAP/fml_loader@4.0.29/net.neoforged.fml.loading.targets.CommonLaunchHandler.serverService(CommonLaunchHandler.java:128) ~[loader-4.0.29.jar%23144!/:4.0] {}
	at MC-BOOTSTRAP/fml_loader@4.0.29/net.neoforged.fml.loading.targets.NeoForgeServerUserdevLaunchHandler.runService(NeoForgeServerUserdevLaunchHandler.java:23) ~[loader-4.0.29.jar%23144!/:4.0] {}
	at MC-BOOTSTRAP/fml_loader@4.0.29/net.neoforged.fml.loading.targets.CommonLaunchHandler.lambda$launchService$4(CommonLaunchHandler.java:118) ~[loader-4.0.29.jar%23144!/:4.0] {}
	at MC-BOOTSTRAP/cpw.mods.modlauncher@11.0.4/cpw.mods.modlauncher.LaunchServiceHandlerDecorator.launch(LaunchServiceHandlerDecorator.java:30) [modlauncher-11.0.4.jar%23126!/:?] {}
	at MC-BOOTSTRAP/cpw.mods.modlauncher@11.0.4/cpw.mods.modlauncher.LaunchServiceHandler.launch(LaunchServiceHandler.java:53) [modlauncher-11.0.4.jar%23126!/:?] {}
	at MC-BOOTSTRAP/cpw.mods.modlauncher@11.0.4/cpw.mods.modlauncher.LaunchServiceHandler.launch(LaunchServiceHandler.java:71) [modlauncher-11.0.4.jar%23126!/:?] {}
	at MC-BOOTSTRAP/cpw.mods.modlauncher@11.0.4/cpw.mods.modlauncher.Launcher.run(Launcher.java:103) [modlauncher-11.0.4.jar%23126!/:?] {}
	at MC-BOOTSTRAP/cpw.mods.modlauncher@11.0.4/cpw.mods.modlauncher.Launcher.main(Launcher.java:74) [modlauncher-11.0.4.jar%23126!/:?] {}
	at MC-BOOTSTRAP/cpw.mods.modlauncher@11.0.4/cpw.mods.modlauncher.BootstrapLaunchConsumer.accept(BootstrapLaunchConsumer.java:26) [modlauncher-11.0.4.jar%23126!/:?] {}
	at MC-BOOTSTRAP/cpw.mods.modlauncher@11.0.4/cpw.mods.modlauncher.BootstrapLaunchConsumer.accept(BootstrapLaunchConsumer.java:23) [modlauncher-11.0.4.jar%23126!/:?] {}
	at cpw.mods.bootstraplauncher@2.0.2/cpw.mods.bootstraplauncher.BootstrapLauncher.run(BootstrapLauncher.java:210) [bootstraplauncher-2.0.2.jar:?] {}
	at cpw.mods.bootstraplauncher@2.0.2/cpw.mods.bootstraplauncher.BootstrapLauncher.main(BootstrapLauncher.java:69) [bootstraplauncher-2.0.2.jar:?] {}
[10:21:05] [main/INFO] [mojang/YggdrasilAuthenticationService]: Environment: Environment[sessionHost=https://sessionserver.mojang.com, servicesHost=https://api.minecraftservices.com, name=PROD]
[10:21:05] [main/WARN] [minecraft/VanillaPackResourcesBuilder]: Assets URL 'union:/C:/projects/britannia/mod/Britannia_Mod/.gradle/repositories/ng_dummy_ng/net/neoforged/neoforge/21.1.72/neoforge-21.1.72.jar%23191!/assets/.mcassetsroot' uses unexpected schema
[10:21:05] [main/WARN] [minecraft/VanillaPackResourcesBuilder]: Assets URL 'union:/C:/projects/britannia/mod/Britannia_Mod/.gradle/repositories/ng_dummy_ng/net/neoforged/neoforge/21.1.72/neoforge-21.1.72.jar%23191!/data/.mcassetsroot' uses unexpected schema
[10:21:06] [main/INFO] [minecraft/Main]: No existing world data, creating new world
[10:21:07] [main/INFO] [minecraft/RecipeManager]: Loaded 1293 recipes
[10:21:07] [main/INFO] [minecraft/AdvancementTree]: Loaded 1401 advancements
[10:21:07] [main/INFO] [br.ba.content_validation/]: Banner data reload published: discovered=63 decoded=63 active={BANNER_DEFINITION=35, FABRIC_MATERIAL=4, PIGMENT=7, MATERIAL_PALETTE=4, MOUNT=2, PLACEMENT_PROFILE=11} disabled={BANNER_DEFINITION=0, FABRIC_MATERIAL=0, PIGMENT=0, MATERIAL_PALETTE=0, MOUNT=0, PLACEMENT_PROFILE=0} errors=0 warnings=0 information=0
[10:21:07] [main/INFO] [br.ba.content_validation/]: Production banner catalogue active=35 disabled=0 placeholders=0
[10:21:08] [main/INFO] [ne.ne.ne.ga.GameTestHooks/]: Enabled Gametest Namespaces: [britannia_wall_pair]
[10:21:09] [main/INFO] [minecraft/RecipeManager]: Loaded 1294 recipes
[10:21:09] [main/INFO] [minecraft/AdvancementTree]: Loaded 1402 advancements
[10:21:09] [main/INFO] [br.ba.content_validation/]: Banner data reload published: discovered=63 decoded=63 active={BANNER_DEFINITION=35, FABRIC_MATERIAL=4, PIGMENT=7, MATERIAL_PALETTE=4, MOUNT=2, PLACEMENT_PROFILE=11} disabled={BANNER_DEFINITION=0, FABRIC_MATERIAL=0, PIGMENT=0, MATERIAL_PALETTE=0, MOUNT=0, PLACEMENT_PROFILE=0} errors=0 warnings=0 information=0
[10:21:09] [main/INFO] [br.ba.content_validation/]: Production banner catalogue active=35 disabled=0 placeholders=0
[10:21:10] [Server thread/INFO] [minecraft/MinecraftServer]: Preparing start region for dimension minecraft:overworld
[10:21:10] [worldgen/INFO] [minecraft/LoggerChunkProgressListener]: Preparing spawn area: 2%
[10:21:10] [Server thread/INFO] [minecraft/LoggerChunkProgressListener]: Time elapsed: 190 ms
[10:21:10] [Server thread/INFO] [minecraft/GameTestServer]: Started game test server
[10:21:10] [Server thread/INFO] [ne.ne.ne.se.pe.PermissionAPI/]: Successfully initialized permission handler neoforge:default_handler
[10:21:10] [Server thread/INFO] [co.se.br.ev.ForgeEventHandler/]: Britannia Starting
[10:21:10] [Server thread/INFO] [co.se.br.ev.ChestHandler/]: Created Seggellion's Axe with components: {minecraft:custom_name=>literal{Seggellion's Axe}, minecraft:damage=>250, minecraft:tool=>Tool[rules=[Rule[blocks=NamedSet(TagKey[minecraft:block / minecraft:incorrect_for_iron_tool])[[Reference{ResourceKey[minecraft:block / minecraft:obsidian]=Block{minecraft:obsidian}}, Reference{ResourceKey[minecraft:block / minecraft:crying_obsidian]=Block{minecraft:crying_obsidian}}, Reference{ResourceKey[minecraft:block / minecraft:netherite_block]=Block{minecraft:netherite_block}}, Reference{ResourceKey[minecraft:block / minecraft:respawn_anchor]=Block{minecraft:respawn_anchor}}, Reference{ResourceKey[minecraft:block / minecraft:ancient_debris]=Block{minecraft:ancient_debris}}]], speed=Optional.empty, correctForDrops=Optional[false]], Rule[blocks=NamedSet(TagKey[minecraft:block / minecraft:mineable/axe])[[Reference{ResourceKey[minecraft:block / minecraft:note_block]=Block{minecraft:note_block}}, Reference{ResourceKey[minecraft:block / minecraft:attached_melon_stem]=Block{minecraft:attached_melon_stem}}, Reference{ResourceKey[minecraft:block / minecraft:attached_pumpkin_stem]=Block{minecraft:attached_pumpkin_stem}}, Reference{ResourceKey[minecraft:block / minecraft:azalea]=Block{minecraft:azalea}}, Reference{ResourceKey[minecraft:block / minecraft:bamboo]=Block{minecraft:bamboo}}, Reference{ResourceKey[minecraft:block / minecraft:barrel]=Block{minecraft:barrel}}, Reference{ResourceKey[minecraft:block / minecraft:bee_nest]=Block{minecraft:bee_nest}}, Reference{ResourceKey[minecraft:block / minecraft:beehive]=Block{minecraft:beehive}}, Reference{ResourceKey[minecraft:block / minecraft:beetroots]=Block{minecraft:beetroots}}, Reference{ResourceKey[minecraft:block / minecraft:big_dripleaf_stem]=Block{minecraft:big_dripleaf_stem}}, Reference{ResourceKey[minecraft:block / minecraft:big_dripleaf]=Block{minecraft:big_dripleaf}}, Reference{ResourceKey[minecraft:block / minecraft:bookshelf]=Block{minecraft:bookshelf}}, Reference{ResourceKey[minecraft:block / minecraft:brown_mushroom_block]=Block{minecraft:brown_mushroom_block}}, Reference{ResourceKey[minecraft:block / minecraft:brown_mushroom]=Block{minecraft:brown_mushroom}}, Reference{ResourceKey[minecraft:block / minecraft:campfire]=Block{minecraft:campfire}}, Reference{ResourceKey[minecraft:block / minecraft:carrots]=Block{minecraft:carrots}}, Reference{ResourceKey[minecraft:block / minecraft:cartography_table]=Block{minecraft:cartography_table}}, Reference{ResourceKey[minecraft:block / minecraft:carved_pumpkin]=Block{minecraft:carved_pumpkin}}, Reference{ResourceKey[minecraft:block / minecraft:cave_vines_plant]=Block{minecraft:cave_vines_plant}}, Reference{ResourceKey[minecraft:block / minecraft:cave_vines]=Block{minecraft:cave_vines}}, Reference{ResourceKey[minecraft:block / minecraft:chest]=Block{minecraft:chest}}, Reference{ResourceKey[minecraft:block / minecraft:chorus_flower]=Block{minecraft:chorus_flower}}, Reference{ResourceKey[minecraft:block / minecraft:chorus_plant]=Block{minecraft:chorus_plant}}, Reference{ResourceKey[minecraft:block / minecraft:cocoa]=Block{minecraft:cocoa}}, Reference{ResourceKey[minecraft:block / minecraft:composter]=Block{minecraft:composter}}, Reference{ResourceKey[minecraft:block / minecraft:crafting_table]=Block{minecraft:crafting_table}}, Reference{ResourceKey[minecraft:block / minecraft:crimson_fungus]=Block{minecraft:crimson_fungus}}, Reference{ResourceKey[minecraft:block / minecraft:daylight_detector]=Block{minecraft:daylight_detector}}, Reference{ResourceKey[minecraft:block / minecraft:dead_bush]=Block{minecraft:dead_bush}}, Reference{ResourceKey[minecraft:block / minecraft:fern]=Block{minecraft:fern}}, Reference{ResourceKey[minecraft:block / minecraft:fletching_table]=Block{minecraft:fletching_table}}, Reference{ResourceKey[minecraft:block / minecraft:glow_lichen]=Block{minecraft:glow_lichen}}, Reference{ResourceKey[minecraft:block / minecraft:short_grass]=Block{minecraft:short_grass}}, Reference{ResourceKey[minecraft:block / minecraft:hanging_roots]=Block{minecraft:hanging_roots}}, Reference{ResourceKey[minecraft:block / minecraft:jack_o_lantern]=Block{minecraft:jack_o_lantern}}, Reference{ResourceKey[minecraft:block / minecraft:jukebox]=Block{minecraft:jukebox}}, Reference{ResourceKey[minecraft:block / minecraft:ladder]=Block{minecraft:ladder}}, Reference{ResourceKey[minecraft:block / minecraft:large_fern]=Block{minecraft:large_fern}}, Reference{ResourceKey[minecraft:block / minecraft:lectern]=Block{minecraft:lectern}}, Reference{ResourceKey[minecraft:block / minecraft:lily_pad]=Block{minecraft:lily_pad}}, Reference{ResourceKey[minecraft:block / minecraft:loom]=Block{minecraft:loom}}, Reference{ResourceKey[minecraft:block / minecraft:melon_stem]=Block{minecraft:melon_stem}}, Reference{ResourceKey[minecraft:block / minecraft:melon]=Block{minecraft:melon}}, Reference{ResourceKey[minecraft:block / minecraft:mushroom_stem]=Block{minecraft:mushroom_stem}}, Reference{ResourceKey[minecraft:block / minecraft:nether_wart]=Block{minecraft:nether_wart}}, Reference{ResourceKey[minecraft:block / minecraft:potatoes]=Block{minecraft:potatoes}}, Reference{ResourceKey[minecraft:block / minecraft:pumpkin_stem]=Block{minecraft:pumpkin_stem}}, Reference{ResourceKey[minecraft:block / minecraft:pumpkin]=Block{minecraft:pumpkin}}, Reference{ResourceKey[minecraft:block / minecraft:red_mushroom_block]=Block{minecraft:red_mushroom_block}}, Reference{ResourceKey[minecraft:block / minecraft:red_mushroom]=Block{minecraft:red_mushroom}}, Reference{ResourceKey[minecraft:block / minecraft:scaffolding]=Block{minecraft:scaffolding}}, Reference{ResourceKey[minecraft:block / minecraft:small_dripleaf]=Block{minecraft:small_dripleaf}}, Reference{ResourceKey[minecraft:block / minecraft:smithing_table]=Block{minecraft:smithing_table}}, Reference{ResourceKey[minecraft:block / minecraft:soul_campfire]=Block{minecraft:soul_campfire}}, Reference{ResourceKey[minecraft:block / minecraft:spore_blossom]=Block{minecraft:spore_blossom}}, Reference{ResourceKey[minecraft:block / minecraft:sugar_cane]=Block{minecraft:sugar_cane}}, Reference{ResourceKey[minecraft:block / minecraft:sweet_berry_bush]=Block{minecraft:sweet_berry_bush}}, Reference{ResourceKey[minecraft:block / minecraft:tall_grass]=Block{minecraft:tall_grass}}, Reference{ResourceKey[minecraft:block / minecraft:trapped_chest]=Block{minecraft:trapped_chest}}, Reference{ResourceKey[minecraft:block / minecraft:twisting_vines_plant]=Block{minecraft:twisting_vines_plant}}, Reference{ResourceKey[minecraft:block / minecraft:twisting_vines]=Block{minecraft:twisting_vines}}, Reference{ResourceKey[minecraft:block / minecraft:vine]=Block{minecraft:vine}}, Reference{ResourceKey[minecraft:block / minecraft:warped_fungus]=Block{minecraft:warped_fungus}}, Reference{ResourceKey[minecraft:block / minecraft:weeping_vines_plant]=Block{minecraft:weeping_vines_plant}}, Reference{ResourceKey[minecraft:block / minecraft:weeping_vines]=Block{minecraft:weeping_vines}}, Reference{ResourceKey[minecraft:block / minecraft:wheat]=Block{minecraft:wheat}}, Reference{ResourceKey[minecraft:block / minecraft:white_banner]=Block{minecraft:white_banner}}, Reference{ResourceKey[minecraft:block / minecraft:orange_banner]=Block{minecraft:orange_banner}}, Reference{ResourceKey[minecraft:block / minecraft:magenta_banner]=Block{minecraft:magenta_banner}}, Reference{ResourceKey[minecraft:block / minecraft:light_blue_banner]=Block{minecraft:light_blue_banner}}, Reference{ResourceKey[minecraft:block / minecraft:yellow_banner]=Block{minecraft:yellow_banner}}, Reference{ResourceKey[minecraft:block / minecraft:lime_banner]=Block{minecraft:lime_banner}}, Reference{ResourceKey[minecraft:block / minecraft:pink_banner]=Block{minecraft:pink_banner}}, Reference{ResourceKey[minecraft:block / minecraft:gray_banner]=Block{minecraft:gray_banner}}, Reference{ResourceKey[minecraft:block / minecraft:light_gray_banner]=Block{minecraft:light_gray_banner}}, Reference{ResourceKey[minecraft:block / minecraft:cyan_banner]=Block{minecraft:cyan_banner}}, Reference{ResourceKey[minecraft:block / minecraft:purple_banner]=Block{minecraft:purple_banner}}, Reference{ResourceKey[minecraft:block / minecraft:blue_banner]=Block{minecraft:blue_banner}}, Reference{ResourceKey[minecraft:block / minecraft:brown_banner]=Block{minecraft:brown_banner}}, Reference{ResourceKey[minecraft:block / minecraft:green_banner]=Block{minecraft:green_banner}}, Reference{ResourceKey[minecraft:block / minecraft:red_banner]=Block{minecraft:red_banner}}, Reference{ResourceKey[minecraft:block / minecraft:black_banner]=Block{minecraft:black_banner}}, Reference{ResourceKey[minecraft:block / minecraft:white_wall_banner]=Block{minecraft:white_wall_banner}}, Reference{ResourceKey[minecraft:block / minecraft:orange_wall_banner]=Block{minecraft:orange_wall_banner}}, Reference{ResourceKey[minecraft:block / minecraft:magenta_wall_banner]=Block{minecraft:magenta_wall_banner}}, Reference{ResourceKey[minecraft:block / minecraft:light_blue_wall_banner]=Block{minecraft:light_blue_wall_banner}}, Reference{ResourceKey[minecraft:block / minecraft:yellow_wall_banner]=Block{minecraft:yellow_wall_banner}}, Reference{ResourceKey[minecraft:block / minecraft:lime_wall_banner]=Block{minecraft:lime_wall_banner}}, Reference{ResourceKey[minecraft:block / minecraft:pink_wall_banner]=Block{minecraft:pink_wall_banner}}, Reference{ResourceKey[minecraft:block / minecraft:gray_wall_banner]=Block{minecraft:gray_wall_banner}}, Reference{ResourceKey[minecraft:block / minecraft:light_gray_wall_banner]=Block{minecraft:light_gray_wall_banner}}, Reference{ResourceKey[minecraft:block / minecraft:cyan_wall_banner]=Block{minecraft:cyan_wall_banner}}, Reference{ResourceKey[minecraft:block / minecraft:purple_wall_banner]=Block{minecraft:purple_wall_banner}}, Reference{ResourceKey[minecraft:block / minecraft:blue_wall_banner]=Block{minecraft:blue_wall_banner}}, Reference{ResourceKey[minecraft:block / minecraft:brown_wall_banner]=Block{minecraft:brown_wall_banner}}, Reference{ResourceKey[minecraft:block / minecraft:green_wall_banner]=Block{minecraft:green_wall_banner}}, Reference{ResourceKey[minecraft:block / minecraft:red_wall_banner]=Block{minecraft:red_wall_banner}}, Reference{ResourceKey[minecraft:block / minecraft:black_wall_banner]=Block{minecraft:black_wall_banner}}, Reference{ResourceKey[minecraft:block / minecraft:acacia_fence_gate]=Block{minecraft:acacia_fence_gate}}, Reference{ResourceKey[minecraft:block / minecraft:birch_fence_gate]=Block{minecraft:birch_fence_gate}}, Reference{ResourceKey[minecraft:block / minecraft:dark_oak_fence_gate]=Block{minecraft:dark_oak_fence_gate}}, Reference{ResourceKey[minecraft:block / minecraft:jungle_fence_gate]=Block{minecraft:jungle_fence_gate}}, Reference{ResourceKey[minecraft:block / minecraft:oak_fence_gate]=Block{minecraft:oak_fence_gate}}, Reference{ResourceKey[minecraft:block / minecraft:spruce_fence_gate]=Block{minecraft:spruce_fence_gate}}, Reference{ResourceKey[minecraft:block / minecraft:crimson_fence_gate]=Block{minecraft:crimson_fence_gate}}, Reference{ResourceKey[minecraft:block / minecraft:warped_fence_gate]=Block{minecraft:warped_fence_gate}}, Reference{ResourceKey[minecraft:block / minecraft:mangrove_fence_gate]=Block{minecraft:mangrove_fence_gate}}, Reference{ResourceKey[minecraft:block / minecraft:bamboo_fence_gate]=Block{minecraft:bamboo_fence_gate}}, Reference{ResourceKey[minecraft:block / minecraft:cherry_fence_gate]=Block{minecraft:cherry_fence_gate}}, Reference{ResourceKey[minecraft:block / minecraft:dark_oak_log]=Block{minecraft:dark_oak_log}}, Reference{ResourceKey[minecraft:block / minecraft:dark_oak_wood]=Block{minecraft:dark_oak_wood}}, Reference{ResourceKey[minecraft:block / minecraft:stripped_dark_oak_log]=Block{minecraft:stripped_dark_oak_log}}, Reference{ResourceKey[minecraft:block / minecraft:stripped_dark_oak_wood]=Block{minecraft:stripped_dark_oak_wood}}, Reference{ResourceKey[minecraft:block / minecraft:oak_log]=Block{minecraft:oak_log}}, Reference{ResourceKey[minecraft:block / minecraft:oak_wood]=Block{minecraft:oak_wood}}, Reference{ResourceKey[minecraft:block / minecraft:stripped_oak_log]=Block{minecraft:stripped_oak_log}}, Reference{ResourceKey[minecraft:block / minecraft:stripped_oak_wood]=Block{minecraft:stripped_oak_wood}}, Reference{ResourceKey[minecraft:block / minecraft:acacia_log]=Block{minecraft:acacia_log}}, Reference{ResourceKey[minecraft:block / minecraft:acacia_wood]=Block{minecraft:acacia_wood}}, Reference{ResourceKey[minecraft:block / minecraft:stripped_acacia_log]=Block{minecraft:stripped_acacia_log}}, Reference{ResourceKey[minecraft:block / minecraft:stripped_acacia_wood]=Block{minecraft:stripped_acacia_wood}}, Reference{ResourceKey[minecraft:block / minecraft:birch_log]=Block{minecraft:birch_log}}, Reference{ResourceKey[minecraft:block / minecraft:birch_wood]=Block{minecraft:birch_wood}}, Reference{ResourceKey[minecraft:block / minecraft:stripped_birch_log]=Block{minecraft:stripped_birch_log}}, Reference{ResourceKey[minecraft:block / minecraft:stripped_birch_wood]=Block{minecraft:stripped_birch_wood}}, Reference{ResourceKey[minecraft:block / minecraft:jungle_log]=Block{minecraft:jungle_log}}, Reference{ResourceKey[minecraft:block / minecraft:jungle_wood]=Block{minecraft:jungle_wood}}, Reference{ResourceKey[minecraft:block / minecraft:stripped_jungle_log]=Block{minecraft:stripped_jungle_log}}, Reference{ResourceKey[minecraft:block / minecraft:stripped_jungle_wood]=Block{minecraft:stripped_jungle_wood}}, Reference{ResourceKey[minecraft:block / minecraft:spruce_log]=Block{minecraft:spruce_log}}, Reference{ResourceKey[minecraft:block / minecraft:spruce_wood]=Block{minecraft:spruce_wood}}, Reference{ResourceKey[minecraft:block / minecraft:stripped_spruce_log]=Block{minecraft:stripped_spruce_log}}, Reference{ResourceKey[minecraft:block / minecraft:stripped_spruce_wood]=Block{minecraft:stripped_spruce_wood}}, Reference{ResourceKey[minecraft:block / minecraft:mangrove_log]=Block{minecraft:mangrove_log}}, Reference{ResourceKey[minecraft:block / minecraft:mangrove_wood]=Block{minecraft:mangrove_wood}}, Reference{ResourceKey[minecraft:block / minecraft:stripped_mangrove_log]=Block{minecraft:stripped_mangrove_log}}, Reference{ResourceKey[minecraft:block / minecraft:stripped_mangrove_wood]=Block{minecraft:stripped_mangrove_wood}}, Reference{ResourceKey[minecraft:block / minecraft:cherry_log]=Block{minecraft:cherry_log}}, Reference{ResourceKey[minecraft:block / minecraft:cherry_wood]=Block{minecraft:cherry_wood}}, Reference{ResourceKey[minecraft:block / minecraft:stripped_cherry_log]=Block{minecraft:stripped_cherry_log}}, Reference{ResourceKey[minecraft:block / minecraft:stripped_cherry_wood]=Block{minecraft:stripped_cherry_wood}}, Reference{ResourceKey[minecraft:block / minecraft:crimson_stem]=Block{minecraft:crimson_stem}}, Reference{ResourceKey[minecraft:block / minecraft:stripped_crimson_stem]=Block{minecraft:stripped_crimson_stem}}, Reference{ResourceKey[minecraft:block / minecraft:crimson_hyphae]=Block{minecraft:crimson_hyphae}}, Reference{ResourceKey[minecraft:block / minecraft:stripped_crimson_hyphae]=Block{minecraft:stripped_crimson_hyphae}}, Reference{ResourceKey[minecraft:block / minecraft:warped_stem]=Block{minecraft:warped_stem}}, Reference{ResourceKey[minecraft:block / minecraft:stripped_warped_stem]=Block{minecraft:stripped_warped_stem}}, Reference{ResourceKey[minecraft:block / minecraft:warped_hyphae]=Block{minecraft:warped_hyphae}}, Reference{ResourceKey[minecraft:block / minecraft:stripped_warped_hyphae]=Block{minecraft:stripped_warped_hyphae}}, Reference{ResourceKey[minecraft:block / minecraft:oak_planks]=Block{minecraft:oak_planks}}, Reference{ResourceKey[minecraft:block / minecraft:spruce_planks]=Block{minecraft:spruce_planks}}, Reference{ResourceKey[minecraft:block / minecraft:birch_planks]=Block{minecraft:birch_planks}}, Reference{ResourceKey[minecraft:block / minecraft:jungle_planks]=Block{minecraft:jungle_planks}}, Reference{ResourceKey[minecraft:block / minecraft:acacia_planks]=Block{minecraft:acacia_planks}}, Reference{ResourceKey[minecraft:block / minecraft:dark_oak_planks]=Block{minecraft:dark_oak_planks}}, Reference{ResourceKey[minecraft:block / minecraft:crimson_planks]=Block{minecraft:crimson_planks}}, Reference{ResourceKey[minecraft:block / minecraft:warped_planks]=Block{minecraft:warped_planks}}, Reference{ResourceKey[minecraft:block / minecraft:mangrove_planks]=Block{minecraft:mangrove_planks}}, Reference{ResourceKey[minecraft:block / minecraft:bamboo_planks]=Block{minecraft:bamboo_planks}}, Reference{ResourceKey[minecraft:block / minecraft:cherry_planks]=Block{minecraft:cherry_planks}}, Reference{ResourceKey[minecraft:block / minecraft:oak_sapling]=Block{minecraft:oak_sapling}}, Reference{ResourceKey[minecraft:block / minecraft:spruce_sapling]=Block{minecraft:spruce_sapling}}, Reference{ResourceKey[minecraft:block / minecraft:birch_sapling]=Block{minecraft:birch_sapling}}, Reference{ResourceKey[minecraft:block / minecraft:jungle_sapling]=Block{minecraft:jungle_sapling}}, Reference{ResourceKey[minecraft:block / minecraft:acacia_sapling]=Block{minecraft:acacia_sapling}}, Reference{ResourceKey[minecraft:block / minecraft:dark_oak_sapling]=Block{minecraft:dark_oak_sapling}}, Reference{ResourceKey[minecraft:block / minecraft:flowering_azalea]=Block{minecraft:flowering_azalea}}, Reference{ResourceKey[minecraft:block / minecraft:mangrove_propagule]=Block{minecraft:mangrove_propagule}}, Reference{ResourceKey[minecraft:block / minecraft:cherry_sapling]=Block{minecraft:cherry_sapling}}, Reference{ResourceKey[minecraft:block / minecraft:oak_sign]=Block{minecraft:oak_sign}}, Reference{ResourceKey[minecraft:block / minecraft:spruce_sign]=Block{minecraft:spruce_sign}}, Reference{ResourceKey[minecraft:block / minecraft:birch_sign]=Block{minecraft:birch_sign}}, Reference{ResourceKey[minecraft:block / minecraft:acacia_sign]=Block{minecraft:acacia_sign}}, Reference{ResourceKey[minecraft:block / minecraft:jungle_sign]=Block{minecraft:jungle_sign}}, Reference{ResourceKey[minecraft:block / minecraft:dark_oak_sign]=Block{minecraft:dark_oak_sign}}, Reference{ResourceKey[minecraft:block / minecraft:crimson_sign]=Block{minecraft:crimson_sign}}, Reference{ResourceKey[minecraft:block / minecraft:warped_sign]=Block{minecraft:warped_sign}}, Reference{ResourceKey[minecraft:block / minecraft:mangrove_sign]=Block{minecraft:mangrove_sign}}, Reference{ResourceKey[minecraft:block / minecraft:bamboo_sign]=Block{minecraft:bamboo_sign}}, Reference{ResourceKey[minecraft:block / minecraft:cherry_sign]=Block{minecraft:cherry_sign}}, Reference{ResourceKey[minecraft:block / minecraft:oak_wall_sign]=Block{minecraft:oak_wall_sign}}, Reference{ResourceKey[minecraft:block / minecraft:spruce_wall_sign]=Block{minecraft:spruce_wall_sign}}, Reference{ResourceKey[minecraft:block / minecraft:birch_wall_sign]=Block{minecraft:birch_wall_sign}}, Reference{ResourceKey[minecraft:block / minecraft:acacia_wall_sign]=Block{minecraft:acacia_wall_sign}}, Reference{ResourceKey[minecraft:block / minecraft:jungle_wall_sign]=Block{minecraft:jungle_wall_sign}}, Reference{ResourceKey[minecraft:block / minecraft:dark_oak_wall_sign]=Block{minecraft:dark_oak_wall_sign}}, Reference{ResourceKey[minecraft:block / minecraft:crimson_wall_sign]=Block{minecraft:crimson_wall_sign}}, Reference{ResourceKey[minecraft:block / minecraft:warped_wall_sign]=Block{minecraft:warped_wall_sign}}, Reference{ResourceKey[minecraft:block / minecraft:mangrove_wall_sign]=Block{minecraft:mangrove_wall_sign}}, Reference{ResourceKey[minecraft:block / minecraft:bamboo_wall_sign]=Block{minecraft:bamboo_wall_sign}}, Reference{ResourceKey[minecraft:block / minecraft:cherry_wall_sign]=Block{minecraft:cherry_wall_sign}}, Reference{ResourceKey[minecraft:block / minecraft:oak_button]=Block{minecraft:oak_button}}, Reference{ResourceKey[minecraft:block / minecraft:spruce_button]=Block{minecraft:spruce_button}}, Reference{ResourceKey[minecraft:block / minecraft:birch_button]=Block{minecraft:birch_button}}, Reference{ResourceKey[minecraft:block / minecraft:jungle_button]=Block{minecraft:jungle_button}}, Reference{ResourceKey[minecraft:block / minecraft:acacia_button]=Block{minecraft:acacia_button}}, Reference{ResourceKey[minecraft:block / minecraft:dark_oak_button]=Block{minecraft:dark_oak_button}}, Reference{ResourceKey[minecraft:block / minecraft:crimson_button]=Block{minecraft:crimson_button}}, Reference{ResourceKey[minecraft:block / minecraft:warped_button]=Block{minecraft:warped_button}}, Reference{ResourceKey[minecraft:block / minecraft:mangrove_button]=Block{minecraft:mangrove_button}}, Reference{ResourceKey[minecraft:block / minecraft:bamboo_button]=Block{minecraft:bamboo_button}}, Reference{ResourceKey[minecraft:block / minecraft:cherry_button]=Block{minecraft:cherry_button}}, Reference{ResourceKey[minecraft:block / minecraft:oak_door]=Block{minecraft:oak_door}}, Reference{ResourceKey[minecraft:block / minecraft:spruce_door]=Block{minecraft:spruce_door}}, Reference{ResourceKey[minecraft:block / minecraft:birch_door]=Block{minecraft:birch_door}}, Reference{ResourceKey[minecraft:block / minecraft:jungle_door]=Block{minecraft:jungle_door}}, Reference{ResourceKey[minecraft:block / minecraft:acacia_door]=Block{minecraft:acacia_door}}, Reference{ResourceKey[minecraft:block / minecraft:dark_oak_door]=Block{minecraft:dark_oak_door}}, Reference{ResourceKey[minecraft:block / minecraft:crimson_door]=Block{minecraft:crimson_door}}, Reference{ResourceKey[minecraft:block / minecraft:warped_door]=Block{minecraft:warped_door}}, Reference{ResourceKey[minecraft:block / minecraft:mangrove_door]=Block{minecraft:mangrove_door}}, Reference{ResourceKey[minecraft:block / minecraft:bamboo_door]=Block{minecraft:bamboo_door}}, Reference{ResourceKey[minecraft:block / minecraft:cherry_door]=Block{minecraft:cherry_door}}, Reference{ResourceKey[minecraft:block / minecraft:oak_fence]=Block{minecraft:oak_fence}}, Reference{ResourceKey[minecraft:block / minecraft:acacia_fence]=Block{minecraft:acacia_fence}}, Reference{ResourceKey[minecraft:block / minecraft:dark_oak_fence]=Block{minecraft:dark_oak_fence}}, Reference{ResourceKey[minecraft:block / minecraft:spruce_fence]=Block{minecraft:spruce_fence}}, Reference{ResourceKey[minecraft:block / minecraft:birch_fence]=Block{minecraft:birch_fence}}, Reference{ResourceKey[minecraft:block / minecraft:jungle_fence]=Block{minecraft:jungle_fence}}, Reference{ResourceKey[minecraft:block / minecraft:crimson_fence]=Block{minecraft:crimson_fence}}, Reference{ResourceKey[minecraft:block / minecraft:warped_fence]=Block{minecraft:warped_fence}}, Reference{ResourceKey[minecraft:block / minecraft:mangrove_fence]=Block{minecraft:mangrove_fence}}, Reference{ResourceKey[minecraft:block / minecraft:bamboo_fence]=Block{minecraft:bamboo_fence}}, Reference{ResourceKey[minecraft:block / minecraft:cherry_fence]=Block{minecraft:cherry_fence}}, Reference{ResourceKey[minecraft:block / minecraft:oak_pressure_plate]=Block{minecraft:oak_pressure_plate}}, Reference{ResourceKey[minecraft:block / minecraft:spruce_pressure_plate]=Block{minecraft:spruce_pressure_plate}}, Reference{ResourceKey[minecraft:block / minecraft:birch_pressure_plate]=Block{minecraft:birch_pressure_plate}}, Reference{ResourceKey[minecraft:block / minecraft:jungle_pressure_plate]=Block{minecraft:jungle_pressure_plate}}, Reference{ResourceKey[minecraft:block / minecraft:acacia_pressure_plate]=Block{minecraft:acacia_pressure_plate}}, Reference{ResourceKey[minecraft:block / minecraft:dark_oak_pressure_plate]=Block{minecraft:dark_oak_pressure_plate}}, Reference{ResourceKey[minecraft:block / minecraft:crimson_pressure_plate]=Block{minecraft:crimson_pressure_plate}}, Reference{ResourceKey[minecraft:block / minecraft:warped_pressure_plate]=Block{minecraft:warped_pressure_plate}}, Reference{ResourceKey[minecraft:block / minecraft:mangrove_pressure_plate]=Block{minecraft:mangrove_pressure_plate}}, Reference{ResourceKey[minecraft:block / minecraft:bamboo_pressure_plate]=Block{minecraft:bamboo_pressure_plate}}, Reference{ResourceKey[minecraft:block / minecraft:cherry_pressure_plate]=Block{minecraft:cherry_pressure_plate}}, Reference{ResourceKey[minecraft:block / minecraft:oak_slab]=Block{minecraft:oak_slab}}, Reference{ResourceKey[minecraft:block / minecraft:spruce_slab]=Block{minecraft:spruce_slab}}, Reference{ResourceKey[minecraft:block / minecraft:birch_slab]=Block{minecraft:birch_slab}}, Reference{ResourceKey[minecraft:block / minecraft:jungle_slab]=Block{minecraft:jungle_slab}}, Reference{ResourceKey[minecraft:block / minecraft:acacia_slab]=Block{minecraft:acacia_slab}}, Reference{ResourceKey[minecraft:block / minecraft:dark_oak_slab]=Block{minecraft:dark_oak_slab}}, Reference{ResourceKey[minecraft:block / minecraft:crimson_slab]=Block{minecraft:crimson_slab}}, Reference{ResourceKey[minecraft:block / minecraft:warped_slab]=Block{minecraft:warped_slab}}, Reference{ResourceKey[minecraft:block / minecraft:mangrove_slab]=Block{minecraft:mangrove_slab}}, Reference{ResourceKey[minecraft:block / minecraft:bamboo_slab]=Block{minecraft:bamboo_slab}}, Reference{ResourceKey[minecraft:block / minecraft:cherry_slab]=Block{minecraft:cherry_slab}}, Reference{ResourceKey[minecraft:block / minecraft:oak_stairs]=Block{minecraft:oak_stairs}}, Reference{ResourceKey[minecraft:block / minecraft:spruce_stairs]=Block{minecraft:spruce_stairs}}, Reference{ResourceKey[minecraft:block / minecraft:birch_stairs]=Block{minecraft:birch_stairs}}, Reference{ResourceKey[minecraft:block / minecraft:jungle_stairs]=Block{minecraft:jungle_stairs}}, Reference{ResourceKey[minecraft:block / minecraft:acacia_stairs]=Block{minecraft:acacia_stairs}}, Reference{ResourceKey[minecraft:block / minecraft:dark_oak_stairs]=Block{minecraft:dark_oak_stairs}}, Reference{ResourceKey[minecraft:block / minecraft:crimson_stairs]=Block{minecraft:crimson_stairs}}, Reference{ResourceKey[minecraft:block / minecraft:warped_stairs]=Block{minecraft:warped_stairs}}, Reference{ResourceKey[minecraft:block / minecraft:mangrove_stairs]=Block{minecraft:mangrove_stairs}}, Reference{ResourceKey[minecraft:block / minecraft:bamboo_stairs]=Block{minecraft:bamboo_stairs}}, Reference{ResourceKey[minecraft:block / minecraft:cherry_stairs]=Block{minecraft:cherry_stairs}}, Reference{ResourceKey[minecraft:block / minecraft:acacia_trapdoor]=Block{minecraft:acacia_trapdoor}}, Reference{ResourceKey[minecraft:block / minecraft:birch_trapdoor]=Block{minecraft:birch_trapdoor}}, Reference{ResourceKey[minecraft:block / minecraft:dark_oak_trapdoor]=Block{minecraft:dark_oak_trapdoor}}, Reference{ResourceKey[minecraft:block / minecraft:jungle_trapdoor]=Block{minecraft:jungle_trapdoor}}, Reference{ResourceKey[minecraft:block / minecraft:oak_trapdoor]=Block{minecraft:oak_trapdoor}}, Reference{ResourceKey[minecraft:block / minecraft:spruce_trapdoor]=Block{minecraft:spruce_trapdoor}}, Reference{ResourceKey[minecraft:block / minecraft:crimson_trapdoor]=Block{minecraft:crimson_trapdoor}}, Reference{ResourceKey[minecraft:block / minecraft:warped_trapdoor]=Block{minecraft:warped_trapdoor}}, Reference{ResourceKey[minecraft:block / minecraft:mangrove_trapdoor]=Block{minecraft:mangrove_trapdoor}}, Reference{ResourceKey[minecraft:block / minecraft:bamboo_trapdoor]=Block{minecraft:bamboo_trapdoor}}, Reference{ResourceKey[minecraft:block / minecraft:cherry_trapdoor]=Block{minecraft:cherry_trapdoor}}, Reference{ResourceKey[minecraft:block / minecraft:mangrove_roots]=Block{minecraft:mangrove_roots}}, Reference{ResourceKey[minecraft:block / minecraft:oak_hanging_sign]=Block{minecraft:oak_hanging_sign}}, Reference{ResourceKey[minecraft:block / minecraft:spruce_hanging_sign]=Block{minecraft:spruce_hanging_sign}}, Reference{ResourceKey[minecraft:block / minecraft:birch_hanging_sign]=Block{minecraft:birch_hanging_sign}}, Reference{ResourceKey[minecraft:block / minecraft:acacia_hanging_sign]=Block{minecraft:acacia_hanging_sign}}, Reference{ResourceKey[minecraft:block / minecraft:cherry_hanging_sign]=Block{minecraft:cherry_hanging_sign}}, Reference{ResourceKey[minecraft:block / minecraft:jungle_hanging_sign]=Block{minecraft:jungle_hanging_sign}}, Reference{ResourceKey[minecraft:block / minecraft:dark_oak_hanging_sign]=Block{minecraft:dark_oak_hanging_sign}}, Reference{ResourceKey[minecraft:block / minecraft:crimson_hanging_sign]=Block{minecraft:crimson_hanging_sign}}, Reference{ResourceKey[minecraft:block / minecraft:warped_hanging_sign]=Block{minecraft:warped_hanging_sign}}, Reference{ResourceKey[minecraft:block / minecraft:mangrove_hanging_sign]=Block{minecraft:mangrove_hanging_sign}}, Reference{ResourceKey[minecraft:block / minecraft:bamboo_hanging_sign]=Block{minecraft:bamboo_hanging_sign}}, Reference{ResourceKey[minecraft:block / minecraft:oak_wall_hanging_sign]=Block{minecraft:oak_wall_hanging_sign}}, Reference{ResourceKey[minecraft:block / minecraft:spruce_wall_hanging_sign]=Block{minecraft:spruce_wall_hanging_sign}}, Reference{ResourceKey[minecraft:block / minecraft:birch_wall_hanging_sign]=Block{minecraft:birch_wall_hanging_sign}}, Reference{ResourceKey[minecraft:block / minecraft:acacia_wall_hanging_sign]=Block{minecraft:acacia_wall_hanging_sign}}, Reference{ResourceKey[minecraft:block / minecraft:cherry_wall_hanging_sign]=Block{minecraft:cherry_wall_hanging_sign}}, Reference{ResourceKey[minecraft:block / minecraft:jungle_wall_hanging_sign]=Block{minecraft:jungle_wall_hanging_sign}}, Reference{ResourceKey[minecraft:block / minecraft:dark_oak_wall_hanging_sign]=Block{minecraft:dark_oak_wall_hanging_sign}}, Reference{ResourceKey[minecraft:block / minecraft:crimson_wall_hanging_sign]=Block{minecraft:crimson_wall_hanging_sign}}, Reference{ResourceKey[minecraft:block / minecraft:warped_wall_hanging_sign]=Block{minecraft:warped_wall_hanging_sign}}, Reference{ResourceKey[minecraft:block / minecraft:mangrove_wall_hanging_sign]=Block{minecraft:mangrove_wall_hanging_sign}}, Reference{ResourceKey[minecraft:block / minecraft:bamboo_wall_hanging_sign]=Block{minecraft:bamboo_wall_hanging_sign}}, Reference{ResourceKey[minecraft:block / minecraft:bamboo_mosaic]=Block{minecraft:bamboo_mosaic}}, Reference{ResourceKey[minecraft:block / minecraft:bamboo_mosaic_slab]=Block{minecraft:bamboo_mosaic_slab}}, Reference{ResourceKey[minecraft:block / minecraft:bamboo_mosaic_stairs]=Block{minecraft:bamboo_mosaic_stairs}}, Reference{ResourceKey[minecraft:block / minecraft:bamboo_block]=Block{minecraft:bamboo_block}}, Reference{ResourceKey[minecraft:block / minecraft:stripped_bamboo_block]=Block{minecraft:stripped_bamboo_block}}, Reference{ResourceKey[minecraft:block / minecraft:chiseled_bookshelf]=Block{minecraft:chiseled_bookshelf}}, Reference{ResourceKey[minecraft:block / britannia_mod:globe]=Block{britannia_mod:globe}}, Reference{ResourceKey[minecraft:block / britannia_mod:merchant_cart_red]=Block{britannia_mod:merchant_cart_red}}, Reference{ResourceKey[minecraft:block / britannia_mod:merchant_cart_purple]=Block{britannia_mod:merchant_cart_purple}}, Reference{ResourceKey[minecraft:block / britannia_mod:merchant_cart_blue]=Block{britannia_mod:merchant_cart_blue}}, Reference{ResourceKey[minecraft:block / britannia_mod:merchant_cart_black]=Block{britannia_mod:merchant_cart_black}}, Reference{ResourceKey[minecraft:block / britannia_mod:merchant_cart_green]=Block{britannia_mod:merchant_cart_green}}, Reference{ResourceKey[minecraft:block / britannia_mod:merchant_cart_yellow]=Block{britannia_mod:merchant_cart_yellow}}, Reference{ResourceKey[minecraft:block / britannia_mod:merchant_cart_white]=Block{britannia_mod:merchant_cart_white}}, Reference{ResourceKey[minecraft:block / britannia_mod:market_stall_red]=Block{britannia_mod:market_stall_red}}, Reference{ResourceKey[minecraft:block / britannia_mod:market_stall_blue]=Block{britannia_mod:market_stall_blue}}, Reference{ResourceKey[minecraft:block / britannia_mod:market_stall_green]=Block{britannia_mod:market_stall_green}}, Reference{ResourceKey[minecraft:block / britannia_mod:market_stall_purple]=Block{britannia_mod:market_stall_purple}}, Reference{ResourceKey[minecraft:block / britannia_mod:scarecrow]=Block{britannia_mod:scarecrow}}, Reference{ResourceKey[minecraft:block / britannia_mod:dress_form]=Block{britannia_mod:dress_form}}, Reference{ResourceKey[minecraft:block / britannia_mod:loom]=Block{britannia_mod:loom}}, Reference{ResourceKey[minecraft:block / britannia_mod:small_crate]=Block{britannia_mod:small_crate}}, Reference{ResourceKey[minecraft:block / britannia_mod:medium_crate]=Block{britannia_mod:medium_crate}}, Reference{ResourceKey[minecraft:block / britannia_mod:large_crate]=Block{britannia_mod:large_crate}}, Reference{ResourceKey[minecraft:block / britannia_mod:ladder]=Block{britannia_mod:ladder}}, Reference{ResourceKey[minecraft:block / britannia_mod:spinning_wheel]=Block{britannia_mod:spinning_wheel}}, Reference{ResourceKey[minecraft:block / britannia_mod:display_case]=Block{britannia_mod:display_case}}, Reference{ResourceKey[minecraft:block / britannia_mod:training_dummy]=Block{britannia_mod:training_dummy}}, Reference{ResourceKey[minecraft:block / britannia_mod:wooden_fence]=Block{britannia_mod:wooden_fence}}]], speed=Optional[2.0], correctForDrops=Optional[true]]], defaultMiningSpeed=1.0, damagePerBlock=1], minecraft:repair_cost=>0, minecraft:rarity=>COMMON, minecraft:max_stack_size=>1, minecraft:attribute_modifiers=>ItemAttributeModifiers[modifiers=[Entry[attribute=Reference{ResourceKey[minecraft:attribute / minecraft:generic.attack_damage]=net.minecraft.world.entity.ai.attributes.RangedAttribute@6533629}, modifier=AttributeModifier[id=minecraft:base_attack_damage, amount=17.0, operation=ADD_VALUE], slot=MAINHAND], Entry[attribute=Reference{ResourceKey[minecraft:attribute / minecraft:generic.attack_speed]=net.minecraft.world.entity.ai.attributes.RangedAttribute@5ae66c98}, modifier=AttributeModifier[id=minecraft:base_attack_speed, amount=-3.5, operation=ADD_VALUE], slot=MAINHAND]], showInTooltip=true], minecraft:max_damage=>500, minecraft:enchantments=>ItemEnchantments{enchantments={}, showInTooltip=true}, minecraft:lore=>ItemLore[lines=[], styledLines=[]]}
[10:21:10] [Server thread/INFO] [co.se.br.ev.ChestHandler/]: Created Rusted pickaxe: {minecraft:custom_data=>{Material:"iron",Quality:1}, minecraft:custom_name=>literal{A rusted Iron Pickaxe}, minecraft:damage=>125, minecraft:tool=>Tool[rules=[Rule[blocks=NamedSet(TagKey[minecraft:block / minecraft:mineable/pickaxe])[[Reference{ResourceKey[minecraft:block / minecraft:stone]=Block{minecraft:stone}}, Reference{ResourceKey[minecraft:block / minecraft:granite]=Block{minecraft:granite}}, Reference{ResourceKey[minecraft:block / minecraft:polished_granite]=Block{minecraft:polished_granite}}, Reference{ResourceKey[minecraft:block / minecraft:diorite]=Block{minecraft:diorite}}, Reference{ResourceKey[minecraft:block / minecraft:polished_diorite]=Block{minecraft:polished_diorite}}, Reference{ResourceKey[minecraft:block / minecraft:andesite]=Block{minecraft:andesite}}, Reference{ResourceKey[minecraft:block / minecraft:polished_andesite]=Block{minecraft:polished_andesite}}, Reference{ResourceKey[minecraft:block / minecraft:cobblestone]=Block{minecraft:cobblestone}}, Reference{ResourceKey[minecraft:block / minecraft:gold_ore]=Block{minecraft:gold_ore}}, Reference{ResourceKey[minecraft:block / minecraft:deepslate_gold_ore]=Block{minecraft:deepslate_gold_ore}}, Reference{ResourceKey[minecraft:block / minecraft:iron_ore]=Block{minecraft:iron_ore}}, Reference{ResourceKey[minecraft:block / minecraft:deepslate_iron_ore]=Block{minecraft:deepslate_iron_ore}}, Reference{ResourceKey[minecraft:block / minecraft:coal_ore]=Block{minecraft:coal_ore}}, Reference{ResourceKey[minecraft:block / minecraft:deepslate_coal_ore]=Block{minecraft:deepslate_coal_ore}}, Reference{ResourceKey[minecraft:block / minecraft:nether_gold_ore]=Block{minecraft:nether_gold_ore}}, Reference{ResourceKey[minecraft:block / minecraft:lapis_ore]=Block{minecraft:lapis_ore}}, Reference{ResourceKey[minecraft:block / minecraft:deepslate_lapis_ore]=Block{minecraft:deepslate_lapis_ore}}, Reference{ResourceKey[minecraft:block / minecraft:lapis_block]=Block{minecraft:lapis_block}}, Reference{ResourceKey[minecraft:block / minecraft:dispenser]=Block{minecraft:dispenser}}, Reference{ResourceKey[minecraft:block / minecraft:sandstone]=Block{minecraft:sandstone}}, Reference{ResourceKey[minecraft:block / minecraft:chiseled_sandstone]=Block{minecraft:chiseled_sandstone}}, Reference{ResourceKey[minecraft:block / minecraft:cut_sandstone]=Block{minecraft:cut_sandstone}}, Reference{ResourceKey[minecraft:block / minecraft:gold_block]=Block{minecraft:gold_block}}, Reference{ResourceKey[minecraft:block / minecraft:iron_block]=Block{minecraft:iron_block}}, Reference{ResourceKey[minecraft:block / minecraft:bricks]=Block{minecraft:bricks}}, Reference{ResourceKey[minecraft:block / minecraft:mossy_cobblestone]=Block{minecraft:mossy_cobblestone}}, Reference{ResourceKey[minecraft:block / minecraft:obsidian]=Block{minecraft:obsidian}}, Reference{ResourceKey[minecraft:block / minecraft:spawner]=Block{minecraft:spawner}}, Reference{ResourceKey[minecraft:block / minecraft:diamond_ore]=Block{minecraft:diamond_ore}}, Reference{ResourceKey[minecraft:block / minecraft:deepslate_diamond_ore]=Block{minecraft:deepslate_diamond_ore}}, Reference{ResourceKey[minecraft:block / minecraft:diamond_block]=Block{minecraft:diamond_block}}, Reference{ResourceKey[minecraft:block / minecraft:furnace]=Block{minecraft:furnace}}, Reference{ResourceKey[minecraft:block / minecraft:cobblestone_stairs]=Block{minecraft:cobblestone_stairs}}, Reference{ResourceKey[minecraft:block / minecraft:stone_pressure_plate]=Block{minecraft:stone_pressure_plate}}, Reference{ResourceKey[minecraft:block / minecraft:iron_door]=Block{minecraft:iron_door}}, Reference{ResourceKey[minecraft:block / minecraft:redstone_ore]=Block{minecraft:redstone_ore}}, Reference{ResourceKey[minecraft:block / minecraft:deepslate_redstone_ore]=Block{minecraft:deepslate_redstone_ore}}, Reference{ResourceKey[minecraft:block / minecraft:netherrack]=Block{minecraft:netherrack}}, Reference{ResourceKey[minecraft:block / minecraft:basalt]=Block{minecraft:basalt}}, Reference{ResourceKey[minecraft:block / minecraft:polished_basalt]=Block{minecraft:polished_basalt}}, Reference{ResourceKey[minecraft:block / minecraft:stone_bricks]=Block{minecraft:stone_bricks}}, Reference{ResourceKey[minecraft:block / minecraft:mossy_stone_bricks]=Block{minecraft:mossy_stone_bricks}}, Reference{ResourceKey[minecraft:block / minecraft:cracked_stone_bricks]=Block{minecraft:cracked_stone_bricks}}, Reference{ResourceKey[minecraft:block / minecraft:chiseled_stone_bricks]=Block{minecraft:chiseled_stone_bricks}}, Reference{ResourceKey[minecraft:block / minecraft:iron_bars]=Block{minecraft:iron_bars}}, Reference{ResourceKey[minecraft:block / minecraft:chain]=Block{minecraft:chain}}, Reference{ResourceKey[minecraft:block / minecraft:brick_stairs]=Block{minecraft:brick_stairs}}, Reference{ResourceKey[minecraft:block / minecraft:stone_brick_stairs]=Block{minecraft:stone_brick_stairs}}, Reference{ResourceKey[minecraft:block / minecraft:nether_bricks]=Block{minecraft:nether_bricks}}, Reference{ResourceKey[minecraft:block / minecraft:nether_brick_fence]=Block{minecraft:nether_brick_fence}}, Reference{ResourceKey[minecraft:block / minecraft:nether_brick_stairs]=Block{minecraft:nether_brick_stairs}}, Reference{ResourceKey[minecraft:block / minecraft:enchanting_table]=Block{minecraft:enchanting_table}}, Reference{ResourceKey[minecraft:block / minecraft:brewing_stand]=Block{minecraft:brewing_stand}}, Reference{ResourceKey[minecraft:block / minecraft:end_stone]=Block{minecraft:end_stone}}, Reference{ResourceKey[minecraft:block / minecraft:sandstone_stairs]=Block{minecraft:sandstone_stairs}}, Reference{ResourceKey[minecraft:block / minecraft:emerald_ore]=Block{minecraft:emerald_ore}}, Reference{ResourceKey[minecraft:block / minecraft:deepslate_emerald_ore]=Block{minecraft:deepslate_emerald_ore}}, Reference{ResourceKey[minecraft:block / minecraft:ender_chest]=Block{minecraft:ender_chest}}, Reference{ResourceKey[minecraft:block / minecraft:emerald_block]=Block{minecraft:emerald_block}}, Reference{ResourceKey[minecraft:block / minecraft:light_weighted_pressure_plate]=Block{minecraft:light_weighted_pressure_plate}}, Reference{ResourceKey[minecraft:block / minecraft:heavy_weighted_pressure_plate]=Block{minecraft:heavy_weighted_pressure_plate}}, Reference{ResourceKey[minecraft:block / minecraft:redstone_block]=Block{minecraft:redstone_block}}, Reference{ResourceKey[minecraft:block / minecraft:nether_quartz_ore]=Block{minecraft:nether_quartz_ore}}, Reference{ResourceKey[minecraft:block / minecraft:hopper]=Block{minecraft:hopper}}, Reference{ResourceKey[minecraft:block / minecraft:quartz_block]=Block{minecraft:quartz_block}}, Reference{ResourceKey[minecraft:block / minecraft:chiseled_quartz_block]=Block{minecraft:chiseled_quartz_block}}, Reference{ResourceKey[minecraft:block / minecraft:quartz_pillar]=Block{minecraft:quartz_pillar}}, Reference{ResourceKey[minecraft:block / minecraft:quartz_stairs]=Block{minecraft:quartz_stairs}}, Reference{ResourceKey[minecraft:block / minecraft:dropper]=Block{minecraft:dropper}}, Reference{ResourceKey[minecraft:block / minecraft:white_terracotta]=Block{minecraft:white_terracotta}}, Reference{ResourceKey[minecraft:block / minecraft:orange_terracotta]=Block{minecraft:orange_terracotta}}, Reference{ResourceKey[minecraft:block / minecraft:magenta_terracotta]=Block{minecraft:magenta_terracotta}}, Reference{ResourceKey[minecraft:block / minecraft:light_blue_terracotta]=Block{minecraft:light_blue_terracotta}}, Reference{ResourceKey[minecraft:block / minecraft:yellow_terracotta]=Block{minecraft:yellow_terracotta}}, Reference{ResourceKey[minecraft:block / minecraft:lime_terracotta]=Block{minecraft:lime_terracotta}}, Reference{ResourceKey[minecraft:block / minecraft:pink_terracotta]=Block{minecraft:pink_terracotta}}, Reference{ResourceKey[minecraft:block / minecraft:gray_terracotta]=Block{minecraft:gray_terracotta}}, Reference{ResourceKey[minecraft:block / minecraft:light_gray_terracotta]=Block{minecraft:light_gray_terracotta}}, Reference{ResourceKey[minecraft:block / minecraft:cyan_terracotta]=Block{minecraft:cyan_terracotta}}, Reference{ResourceKey[minecraft:block / minecraft:purple_terracotta]=Block{minecraft:purple_terracotta}}, Reference{ResourceKey[minecraft:block / minecraft:blue_terracotta]=Block{minecraft:blue_terracotta}}, Reference{ResourceKey[minecraft:block / minecraft:brown_terracotta]=Block{minecraft:brown_terracotta}}, Reference{ResourceKey[minecraft:block / minecraft:green_terracotta]=Block{minecraft:green_terracotta}}, Reference{ResourceKey[minecraft:block / minecraft:red_terracotta]=Block{minecraft:red_terracotta}}, Reference{ResourceKey[minecraft:block / minecraft:black_terracotta]=Block{minecraft:black_terracotta}}, Reference{ResourceKey[minecraft:block / minecraft:iron_trapdoor]=Block{minecraft:iron_trapdoor}}, Reference{ResourceKey[minecraft:block / minecraft:prismarine]=Block{minecraft:prismarine}}, Reference{ResourceKey[minecraft:block / minecraft:prismarine_bricks]=Block{minecraft:prismarine_bricks}}, Reference{ResourceKey[minecraft:block / minecraft:dark_prismarine]=Block{minecraft:dark_prismarine}}, Reference{ResourceKey[minecraft:block / minecraft:prismarine_stairs]=Block{minecraft:prismarine_stairs}}, Reference{ResourceKey[minecraft:block / minecraft:prismarine_brick_stairs]=Block{minecraft:prismarine_brick_stairs}}, Reference{ResourceKey[minecraft:block / minecraft:dark_prismarine_stairs]=Block{minecraft:dark_prismarine_stairs}}, Reference{ResourceKey[minecraft:block / minecraft:prismarine_slab]=Block{minecraft:prismarine_slab}}, Reference{ResourceKey[minecraft:block / minecraft:prismarine_brick_slab]=Block{minecraft:prismarine_brick_slab}}, Reference{ResourceKey[minecraft:block / minecraft:dark_prismarine_slab]=Block{minecraft:dark_prismarine_slab}}, Reference{ResourceKey[minecraft:block / minecraft:terracotta]=Block{minecraft:terracotta}}, Reference{ResourceKey[minecraft:block / minecraft:coal_block]=Block{minecraft:coal_block}}, Reference{ResourceKey[minecraft:block / minecraft:red_sandstone]=Block{minecraft:red_sandstone}}, Reference{ResourceKey[minecraft:block / minecraft:chiseled_red_sandstone]=Block{minecraft:chiseled_red_sandstone}}, Reference{ResourceKey[minecraft:block / minecraft:cut_red_sandstone]=Block{minecraft:cut_red_sandstone}}, Reference{ResourceKey[minecraft:block / minecraft:red_sandstone_stairs]=Block{minecraft:red_sandstone_stairs}}, Reference{ResourceKey[minecraft:block / minecraft:stone_slab]=Block{minecraft:stone_slab}}, Reference{ResourceKey[minecraft:block / minecraft:smooth_stone_slab]=Block{minecraft:smooth_stone_slab}}, Reference{ResourceKey[minecraft:block / minecraft:sandstone_slab]=Block{minecraft:sandstone_slab}}, Reference{ResourceKey[minecraft:block / minecraft:cut_sandstone_slab]=Block{minecraft:cut_sandstone_slab}}, Reference{ResourceKey[minecraft:block / minecraft:petrified_oak_slab]=Block{minecraft:petrified_oak_slab}}, Reference{ResourceKey[minecraft:block / minecraft:cobblestone_slab]=Block{minecraft:cobblestone_slab}}, Reference{ResourceKey[minecraft:block / minecraft:brick_slab]=Block{minecraft:brick_slab}}, Reference{ResourceKey[minecraft:block / minecraft:stone_brick_slab]=Block{minecraft:stone_brick_slab}}, Reference{ResourceKey[minecraft:block / minecraft:nether_brick_slab]=Block{minecraft:nether_brick_slab}}, Reference{ResourceKey[minecraft:block / minecraft:quartz_slab]=Block{minecraft:quartz_slab}}, Reference{ResourceKey[minecraft:block / minecraft:red_sandstone_slab]=Block{minecraft:red_sandstone_slab}}, Reference{ResourceKey[minecraft:block / minecraft:cut_red_sandstone_slab]=Block{minecraft:cut_red_sandstone_slab}}, Reference{ResourceKey[minecraft:block / minecraft:purpur_slab]=Block{minecraft:purpur_slab}}, Reference{ResourceKey[minecraft:block / minecraft:smooth_stone]=Block{minecraft:smooth_stone}}, Reference{ResourceKey[minecraft:block / minecraft:smooth_sandstone]=Block{minecraft:smooth_sandstone}}, Reference{ResourceKey[minecraft:block / minecraft:smooth_quartz]=Block{minecraft:smooth_quartz}}, Reference{ResourceKey[minecraft:block / minecraft:smooth_red_sandstone]=Block{minecraft:smooth_red_sandstone}}, Reference{ResourceKey[minecraft:block / minecraft:purpur_block]=Block{minecraft:purpur_block}}, Reference{ResourceKey[minecraft:block / minecraft:purpur_pillar]=Block{minecraft:purpur_pillar}}, Reference{ResourceKey[minecraft:block / minecraft:purpur_stairs]=Block{minecraft:purpur_stairs}}, Reference{ResourceKey[minecraft:block / minecraft:end_stone_bricks]=Block{minecraft:end_stone_bricks}}, Reference{ResourceKey[minecraft:block / minecraft:magma_block]=Block{minecraft:magma_block}}, Reference{ResourceKey[minecraft:block / minecraft:red_nether_bricks]=Block{minecraft:red_nether_bricks}}, Reference{ResourceKey[minecraft:block / minecraft:bone_block]=Block{minecraft:bone_block}}, Reference{ResourceKey[minecraft:block / minecraft:observer]=Block{minecraft:observer}}, Reference{ResourceKey[minecraft:block / minecraft:white_glazed_terracotta]=Block{minecraft:white_glazed_terracotta}}, Reference{ResourceKey[minecraft:block / minecraft:orange_glazed_terracotta]=Block{minecraft:orange_glazed_terracotta}}, Reference{ResourceKey[minecraft:block / minecraft:magenta_glazed_terracotta]=Block{minecraft:magenta_glazed_terracotta}}, Reference{ResourceKey[minecraft:block / minecraft:light_blue_glazed_terracotta]=Block{minecraft:light_blue_glazed_terracotta}}, Reference{ResourceKey[minecraft:block / minecraft:yellow_glazed_terracotta]=Block{minecraft:yellow_glazed_terracotta}}, Reference{ResourceKey[minecraft:block / minecraft:lime_glazed_terracotta]=Block{minecraft:lime_glazed_terracotta}}, Reference{ResourceKey[minecraft:block / minecraft:pink_glazed_terracotta]=Block{minecraft:pink_glazed_terracotta}}, Reference{ResourceKey[minecraft:block / minecraft:gray_glazed_terracotta]=Block{minecraft:gray_glazed_terracotta}}, Reference{ResourceKey[minecraft:block / minecraft:light_gray_glazed_terracotta]=Block{minecraft:light_gray_glazed_terracotta}}, Reference{ResourceKey[minecraft:block / minecraft:cyan_glazed_terracotta]=Block{minecraft:cyan_glazed_terracotta}}, Reference{ResourceKey[minecraft:block / minecraft:purple_glazed_terracotta]=Block{minecraft:purple_glazed_terracotta}}, Reference{ResourceKey[minecraft:block / minecraft:blue_glazed_terracotta]=Block{minecraft:blue_glazed_terracotta}}, Reference{ResourceKey[minecraft:block / minecraft:brown_glazed_terracotta]=Block{minecraft:brown_glazed_terracotta}}, Reference{ResourceKey[minecraft:block / minecraft:green_glazed_terracotta]=Block{minecraft:green_glazed_terracotta}}, Reference{ResourceKey[minecraft:block / minecraft:red_glazed_terracotta]=Block{minecraft:red_glazed_terracotta}}, Reference{ResourceKey[minecraft:block / minecraft:black_glazed_terracotta]=Block{minecraft:black_glazed_terracotta}}, Reference{ResourceKey[minecraft:block / minecraft:white_concrete]=Block{minecraft:white_concrete}}, Reference{ResourceKey[minecraft:block / minecraft:orange_concrete]=Block{minecraft:orange_concrete}}, Reference{ResourceKey[minecraft:block / minecraft:magenta_concrete]=Block{minecraft:magenta_concrete}}, Reference{ResourceKey[minecraft:block / minecraft:light_blue_concrete]=Block{minecraft:light_blue_concrete}}, Reference{ResourceKey[minecraft:block / minecraft:yellow_concrete]=Block{minecraft:yellow_concrete}}, Reference{ResourceKey[minecraft:block / minecraft:lime_concrete]=Block{minecraft:lime_concrete}}, Reference{ResourceKey[minecraft:block / minecraft:pink_concrete]=Block{minecraft:pink_concrete}}, Reference{ResourceKey[minecraft:block / minecraft:gray_concrete]=Block{minecraft:gray_concrete}}, Reference{ResourceKey[minecraft:block / minecraft:light_gray_concrete]=Block{minecraft:light_gray_concrete}}, Reference{ResourceKey[minecraft:block / minecraft:cyan_concrete]=Block{minecraft:cyan_concrete}}, Reference{ResourceKey[minecraft:block / minecraft:purple_concrete]=Block{minecraft:purple_concrete}}, Reference{ResourceKey[minecraft:block / minecraft:blue_concrete]=Block{minecraft:blue_concrete}}, Reference{ResourceKey[minecraft:block / minecraft:brown_concrete]=Block{minecraft:brown_concrete}}, Reference{ResourceKey[minecraft:block / minecraft:green_concrete]=Block{minecraft:green_concrete}}, Reference{ResourceKey[minecraft:block / minecraft:red_concrete]=Block{minecraft:red_concrete}}, Reference{ResourceKey[minecraft:block / minecraft:black_concrete]=Block{minecraft:black_concrete}}, Reference{ResourceKey[minecraft:block / minecraft:dead_tube_coral_block]=Block{minecraft:dead_tube_coral_block}}, Reference{ResourceKey[minecraft:block / minecraft:dead_brain_coral_block]=Block{minecraft:dead_brain_coral_block}}, Reference{ResourceKey[minecraft:block / minecraft:dead_bubble_coral_block]=Block{minecraft:dead_bubble_coral_block}}, Reference{ResourceKey[minecraft:block / minecraft:dead_fire_coral_block]=Block{minecraft:dead_fire_coral_block}}, Reference{ResourceKey[minecraft:block / minecraft:dead_horn_coral_block]=Block{minecraft:dead_horn_coral_block}}, Reference{ResourceKey[minecraft:block / minecraft:tube_coral_block]=Block{minecraft:tube_coral_block}}, Reference{ResourceKey[minecraft:block / minecraft:brain_coral_block]=Block{minecraft:brain_coral_block}}, Reference{ResourceKey[minecraft:block / minecraft:bubble_coral_block]=Block{minecraft:bubble_coral_block}}, Reference{ResourceKey[minecraft:block / minecraft:fire_coral_block]=Block{minecraft:fire_coral_block}}, Reference{ResourceKey[minecraft:block / minecraft:horn_coral_block]=Block{minecraft:horn_coral_block}}, Reference{ResourceKey[minecraft:block / minecraft:dead_tube_coral]=Block{minecraft:dead_tube_coral}}, Reference{ResourceKey[minecraft:block / minecraft:dead_brain_coral]=Block{minecraft:dead_brain_coral}}, Reference{ResourceKey[minecraft:block / minecraft:dead_bubble_coral]=Block{minecraft:dead_bubble_coral}}, Reference{ResourceKey[minecraft:block / minecraft:dead_fire_coral]=Block{minecraft:dead_fire_coral}}, Reference{ResourceKey[minecraft:block / minecraft:dead_horn_coral]=Block{minecraft:dead_horn_coral}}, Reference{ResourceKey[minecraft:block / minecraft:dead_tube_coral_fan]=Block{minecraft:dead_tube_coral_fan}}, Reference{ResourceKey[minecraft:block / minecraft:dead_brain_coral_fan]=Block{minecraft:dead_brain_coral_fan}}, Reference{ResourceKey[minecraft:block / minecraft:dead_bubble_coral_fan]=Block{minecraft:dead_bubble_coral_fan}}, Reference{ResourceKey[minecraft:block / minecraft:dead_fire_coral_fan]=Block{minecraft:dead_fire_coral_fan}}, Reference{ResourceKey[minecraft:block / minecraft:dead_horn_coral_fan]=Block{minecraft:dead_horn_coral_fan}}, Reference{ResourceKey[minecraft:block / minecraft:dead_tube_coral_wall_fan]=Block{minecraft:dead_tube_coral_wall_fan}}, Reference{ResourceKey[minecraft:block / minecraft:dead_brain_coral_wall_fan]=Block{minecraft:dead_brain_coral_wall_fan}}, Reference{ResourceKey[minecraft:block / minecraft:dead_bubble_coral_wall_fan]=Block{minecraft:dead_bubble_coral_wall_fan}}, Reference{ResourceKey[minecraft:block / minecraft:dead_fire_coral_wall_fan]=Block{minecraft:dead_fire_coral_wall_fan}}, Reference{ResourceKey[minecraft:block / minecraft:dead_horn_coral_wall_fan]=Block{minecraft:dead_horn_coral_wall_fan}}, Reference{ResourceKey[minecraft:block / minecraft:polished_granite_stairs]=Block{minecraft:polished_granite_stairs}}, Reference{ResourceKey[minecraft:block / minecraft:smooth_red_sandstone_stairs]=Block{minecraft:smooth_red_sandstone_stairs}}, Reference{ResourceKey[minecraft:block / minecraft:mossy_stone_brick_stairs]=Block{minecraft:mossy_stone_brick_stairs}}, Reference{ResourceKey[minecraft:block / minecraft:polished_diorite_stairs]=Block{minecraft:polished_diorite_stairs}}, Reference{ResourceKey[minecraft:block / minecraft:mossy_cobblestone_stairs]=Block{minecraft:mossy_cobblestone_stairs}}, Reference{ResourceKey[minecraft:block / minecraft:end_stone_brick_stairs]=Block{minecraft:end_stone_brick_stairs}}, Reference{ResourceKey[minecraft:block / minecraft:stone_stairs]=Block{minecraft:stone_stairs}}, Reference{ResourceKey[minecraft:block / minecraft:smooth_sandstone_stairs]=Block{minecraft:smooth_sandstone_stairs}}, Reference{ResourceKey[minecraft:block / minecraft:smooth_quartz_stairs]=Block{minecraft:smooth_quartz_stairs}}, Reference{ResourceKey[minecraft:block / minecraft:granite_stairs]=Block{minecraft:granite_stairs}}, Reference{ResourceKey[minecraft:block / minecraft:andesite_stairs]=Block{minecraft:andesite_stairs}}, Reference{ResourceKey[minecraft:block / minecraft:red_nether_brick_stairs]=Block{minecraft:red_nether_brick_stairs}}, Reference{ResourceKey[minecraft:block / minecraft:polished_andesite_stairs]=Block{minecraft:polished_andesite_stairs}}, Reference{ResourceKey[minecraft:block / minecraft:diorite_stairs]=Block{minecraft:diorite_stairs}}, Reference{ResourceKey[minecraft:block / minecraft:polished_granite_slab]=Block{minecraft:polished_granite_slab}}, Reference{ResourceKey[minecraft:block / minecraft:smooth_red_sandstone_slab]=Block{minecraft:smooth_red_sandstone_slab}}, Reference{ResourceKey[minecraft:block / minecraft:mossy_stone_brick_slab]=Block{minecraft:mossy_stone_brick_slab}}, Reference{ResourceKey[minecraft:block / minecraft:polished_diorite_slab]=Block{minecraft:polished_diorite_slab}}, Reference{ResourceKey[minecraft:block / minecraft:mossy_cobblestone_slab]=Block{minecraft:mossy_cobblestone_slab}}, Reference{ResourceKey[minecraft:block / minecraft:end_stone_brick_slab]=Block{minecraft:end_stone_brick_slab}}, Reference{ResourceKey[minecraft:block / minecraft:smooth_sandstone_slab]=Block{minecraft:smooth_sandstone_slab}}, Reference{ResourceKey[minecraft:block / minecraft:smooth_quartz_slab]=Block{minecraft:smooth_quartz_slab}}, Reference{ResourceKey[minecraft:block / minecraft:granite_slab]=Block{minecraft:granite_slab}}, Reference{ResourceKey[minecraft:block / minecraft:andesite_slab]=Block{minecraft:andesite_slab}}, Reference{ResourceKey[minecraft:block / minecraft:red_nether_brick_slab]=Block{minecraft:red_nether_brick_slab}}, Reference{ResourceKey[minecraft:block / minecraft:polished_andesite_slab]=Block{minecraft:polished_andesite_slab}}, Reference{ResourceKey[minecraft:block / minecraft:diorite_slab]=Block{minecraft:diorite_slab}}, Reference{ResourceKey[minecraft:block / minecraft:smoker]=Block{minecraft:smoker}}, Reference{ResourceKey[minecraft:block / minecraft:blast_furnace]=Block{minecraft:blast_furnace}}, Reference{ResourceKey[minecraft:block / minecraft:grindstone]=Block{minecraft:grindstone}}, Reference{ResourceKey[minecraft:block / minecraft:stonecutter]=Block{minecraft:stonecutter}}, Reference{ResourceKey[minecraft:block / minecraft:bell]=Block{minecraft:bell}}, Reference{ResourceKey[minecraft:block / minecraft:lantern]=Block{minecraft:lantern}}, Reference{ResourceKey[minecraft:block / minecraft:soul_lantern]=Block{minecraft:soul_lantern}}, Reference{ResourceKey[minecraft:block / minecraft:warped_nylium]=Block{minecraft:warped_nylium}}, Reference{ResourceKey[minecraft:block / minecraft:crimson_nylium]=Block{minecraft:crimson_nylium}}, Reference{ResourceKey[minecraft:block / minecraft:netherite_block]=Block{minecraft:netherite_block}}, Reference{ResourceKey[minecraft:block / minecraft:ancient_debris]=Block{minecraft:ancient_debris}}, Reference{ResourceKey[minecraft:block / minecraft:crying_obsidian]=Block{minecraft:crying_obsidian}}, Reference{ResourceKey[minecraft:block / minecraft:respawn_anchor]=Block{minecraft:respawn_anchor}}, Reference{ResourceKey[minecraft:block / minecraft:lodestone]=Block{minecraft:lodestone}}, Reference{ResourceKey[minecraft:block / minecraft:blackstone]=Block{minecraft:blackstone}}, Reference{ResourceKey[minecraft:block / minecraft:blackstone_stairs]=Block{minecraft:blackstone_stairs}}, Reference{ResourceKey[minecraft:block / minecraft:blackstone_slab]=Block{minecraft:blackstone_slab}}, Reference{ResourceKey[minecraft:block / minecraft:polished_blackstone]=Block{minecraft:polished_blackstone}}, Reference{ResourceKey[minecraft:block / minecraft:polished_blackstone_bricks]=Block{minecraft:polished_blackstone_bricks}}, Reference{ResourceKey[minecraft:block / minecraft:cracked_polished_blackstone_bricks]=Block{minecraft:cracked_polished_blackstone_bricks}}, Reference{ResourceKey[minecraft:block / minecraft:chiseled_polished_blackstone]=Block{minecraft:chiseled_polished_blackstone}}, Reference{ResourceKey[minecraft:block / minecraft:polished_blackstone_brick_slab]=Block{minecraft:polished_blackstone_brick_slab}}, Reference{ResourceKey[minecraft:block / minecraft:polished_blackstone_brick_stairs]=Block{minecraft:polished_blackstone_brick_stairs}}, Reference{ResourceKey[minecraft:block / minecraft:gilded_blackstone]=Block{minecraft:gilded_blackstone}}, Reference{ResourceKey[minecraft:block / minecraft:polished_blackstone_stairs]=Block{minecraft:polished_blackstone_stairs}}, Reference{ResourceKey[minecraft:block / minecraft:polished_blackstone_slab]=Block{minecraft:polished_blackstone_slab}}, Reference{ResourceKey[minecraft:block / minecraft:polished_blackstone_pressure_plate]=Block{minecraft:polished_blackstone_pressure_plate}}, Reference{ResourceKey[minecraft:block / minecraft:chiseled_nether_bricks]=Block{minecraft:chiseled_nether_bricks}}, Reference{ResourceKey[minecraft:block / minecraft:cracked_nether_bricks]=Block{minecraft:cracked_nether_bricks}}, Reference{ResourceKey[minecraft:block / minecraft:quartz_bricks]=Block{minecraft:quartz_bricks}}, Reference{ResourceKey[minecraft:block / minecraft:tuff]=Block{minecraft:tuff}}, Reference{ResourceKey[minecraft:block / minecraft:calcite]=Block{minecraft:calcite}}, Reference{ResourceKey[minecraft:block / minecraft:oxidized_copper]=Block{minecraft:oxidized_copper}}, Reference{ResourceKey[minecraft:block / minecraft:weathered_copper]=Block{minecraft:weathered_copper}}, Reference{ResourceKey[minecraft:block / minecraft:exposed_copper]=Block{minecraft:exposed_copper}}, Reference{ResourceKey[minecraft:block / minecraft:copper_block]=Block{minecraft:copper_block}}, Reference{ResourceKey[minecraft:block / minecraft:copper_ore]=Block{minecraft:copper_ore}}, Reference{ResourceKey[minecraft:block / minecraft:deepslate_copper_ore]=Block{minecraft:deepslate_copper_ore}}, Reference{ResourceKey[minecraft:block / minecraft:oxidized_cut_copper]=Block{minecraft:oxidized_cut_copper}}, Reference{ResourceKey[minecraft:block / minecraft:weathered_cut_copper]=Block{minecraft:weathered_cut_copper}}, Reference{ResourceKey[minecraft:block / minecraft:exposed_cut_copper]=Block{minecraft:exposed_cut_copper}}, Reference{ResourceKey[minecraft:block / minecraft:cut_copper]=Block{minecraft:cut_copper}}, Reference{ResourceKey[minecraft:block / minecraft:oxidized_cut_copper_stairs]=Block{minecraft:oxidized_cut_copper_stairs}}, Reference{ResourceKey[minecraft:block / minecraft:weathered_cut_copper_stairs]=Block{minecraft:weathered_cut_copper_stairs}}, Reference{ResourceKey[minecraft:block / minecraft:exposed_cut_copper_stairs]=Block{minecraft:exposed_cut_copper_stairs}}, Reference{ResourceKey[minecraft:block / minecraft:cut_copper_stairs]=Block{minecraft:cut_copper_stairs}}, Reference{ResourceKey[minecraft:block / minecraft:oxidized_cut_copper_slab]=Block{minecraft:oxidized_cut_copper_slab}}, Reference{ResourceKey[minecraft:block / minecraft:weathered_cut_copper_slab]=Block{minecraft:weathered_cut_copper_slab}}, Reference{ResourceKey[minecraft:block / minecraft:exposed_cut_copper_slab]=Block{minecraft:exposed_cut_copper_slab}}, Reference{ResourceKey[minecraft:block / minecraft:cut_copper_slab]=Block{minecraft:cut_copper_slab}}, Reference{ResourceKey[minecraft:block / minecraft:waxed_copper_block]=Block{minecraft:waxed_copper_block}}, Reference{ResourceKey[minecraft:block / minecraft:waxed_weathered_copper]=Block{minecraft:waxed_weathered_copper}}, Reference{ResourceKey[minecraft:block / minecraft:waxed_exposed_copper]=Block{minecraft:waxed_exposed_copper}}, Reference{ResourceKey[minecraft:block / minecraft:waxed_oxidized_copper]=Block{minecraft:waxed_oxidized_copper}}, Reference{ResourceKey[minecraft:block / minecraft:waxed_oxidized_cut_copper]=Block{minecraft:waxed_oxidized_cut_copper}}, Reference{ResourceKey[minecraft:block / minecraft:waxed_weathered_cut_copper]=Block{minecraft:waxed_weathered_cut_copper}}, Reference{ResourceKey[minecraft:block / minecraft:waxed_exposed_cut_copper]=Block{minecraft:waxed_exposed_cut_copper}}, Reference{ResourceKey[minecraft:block / minecraft:waxed_cut_copper]=Block{minecraft:waxed_cut_copper}}, Reference{ResourceKey[minecraft:block / minecraft:waxed_oxidized_cut_copper_stairs]=Block{minecraft:waxed_oxidized_cut_copper_stairs}}, Reference{ResourceKey[minecraft:block / minecraft:waxed_weathered_cut_copper_stairs]=Block{minecraft:waxed_weathered_cut_copper_stairs}}, Reference{ResourceKey[minecraft:block / minecraft:waxed_exposed_cut_copper_stairs]=Block{minecraft:waxed_exposed_cut_copper_stairs}}, Reference{ResourceKey[minecraft:block / minecraft:waxed_cut_copper_stairs]=Block{minecraft:waxed_cut_copper_stairs}}, Reference{ResourceKey[minecraft:block / minecraft:waxed_oxidized_cut_copper_slab]=Block{minecraft:waxed_oxidized_cut_copper_slab}}, Reference{ResourceKey[minecraft:block / minecraft:waxed_weathered_cut_copper_slab]=Block{minecraft:waxed_weathered_cut_copper_slab}}, Reference{ResourceKey[minecraft:block / minecraft:waxed_exposed_cut_copper_slab]=Block{minecraft:waxed_exposed_cut_copper_slab}}, Reference{ResourceKey[minecraft:block / minecraft:waxed_cut_copper_slab]=Block{minecraft:waxed_cut_copper_slab}}, Reference{ResourceKey[minecraft:block / minecraft:lightning_rod]=Block{minecraft:lightning_rod}}, Reference{ResourceKey[minecraft:block / minecraft:pointed_dripstone]=Block{minecraft:pointed_dripstone}}, Reference{ResourceKey[minecraft:block / minecraft:dripstone_block]=Block{minecraft:dripstone_block}}, Reference{ResourceKey[minecraft:block / minecraft:deepslate]=Block{minecraft:deepslate}}, Reference{ResourceKey[minecraft:block / minecraft:cobbled_deepslate]=Block{minecraft:cobbled_deepslate}}, Reference{ResourceKey[minecraft:block / minecraft:cobbled_deepslate_stairs]=Block{minecraft:cobbled_deepslate_stairs}}, Reference{ResourceKey[minecraft:block / minecraft:cobbled_deepslate_slab]=Block{minecraft:cobbled_deepslate_slab}}, Reference{ResourceKey[minecraft:block / minecraft:polished_deepslate]=Block{minecraft:polished_deepslate}}, Reference{ResourceKey[minecraft:block / minecraft:polished_deepslate_stairs]=Block{minecraft:polished_deepslate_stairs}}, Reference{ResourceKey[minecraft:block / minecraft:polished_deepslate_slab]=Block{minecraft:polished_deepslate_slab}}, Reference{ResourceKey[minecraft:block / minecraft:deepslate_tiles]=Block{minecraft:deepslate_tiles}}, Reference{ResourceKey[minecraft:block / minecraft:deepslate_tile_stairs]=Block{minecraft:deepslate_tile_stairs}}, Reference{ResourceKey[minecraft:block / minecraft:deepslate_tile_slab]=Block{minecraft:deepslate_tile_slab}}, Reference{ResourceKey[minecraft:block / minecraft:deepslate_bricks]=Block{minecraft:deepslate_bricks}}, Reference{ResourceKey[minecraft:block / minecraft:deepslate_brick_stairs]=Block{minecraft:deepslate_brick_stairs}}, Reference{ResourceKey[minecraft:block / minecraft:deepslate_brick_slab]=Block{minecraft:deepslate_brick_slab}}, Reference{ResourceKey[minecraft:block / minecraft:chiseled_deepslate]=Block{minecraft:chiseled_deepslate}}, Reference{ResourceKey[minecraft:block / minecraft:cracked_deepslate_bricks]=Block{minecraft:cracked_deepslate_bricks}}, Reference{ResourceKey[minecraft:block / minecraft:cracked_deepslate_tiles]=Block{minecraft:cracked_deepslate_tiles}}, Reference{ResourceKey[minecraft:block / minecraft:smooth_basalt]=Block{minecraft:smooth_basalt}}, Reference{ResourceKey[minecraft:block / minecraft:raw_iron_block]=Block{minecraft:raw_iron_block}}, Reference{ResourceKey[minecraft:block / minecraft:raw_copper_block]=Block{minecraft:raw_copper_block}}, Reference{ResourceKey[minecraft:block / minecraft:raw_gold_block]=Block{minecraft:raw_gold_block}}, Reference{ResourceKey[minecraft:block / minecraft:ice]=Block{minecraft:ice}}, Reference{ResourceKey[minecraft:block / minecraft:packed_ice]=Block{minecraft:packed_ice}}, Reference{ResourceKey[minecraft:block / minecraft:blue_ice]=Block{minecraft:blue_ice}}, Reference{ResourceKey[minecraft:block / minecraft:piston]=Block{minecraft:piston}}, Reference{ResourceKey[minecraft:block / minecraft:sticky_piston]=Block{minecraft:sticky_piston}}, Reference{ResourceKey[minecraft:block / minecraft:piston_head]=Block{minecraft:piston_head}}, Reference{ResourceKey[minecraft:block / minecraft:amethyst_cluster]=Block{minecraft:amethyst_cluster}}, Reference{ResourceKey[minecraft:block / minecraft:small_amethyst_bud]=Block{minecraft:small_amethyst_bud}}, Reference{ResourceKey[minecraft:block / minecraft:medium_amethyst_bud]=Block{minecraft:medium_amethyst_bud}}, Reference{ResourceKey[minecraft:block / minecraft:large_amethyst_bud]=Block{minecraft:large_amethyst_bud}}, Reference{ResourceKey[minecraft:block / minecraft:amethyst_block]=Block{minecraft:amethyst_block}}, Reference{ResourceKey[minecraft:block / minecraft:budding_amethyst]=Block{minecraft:budding_amethyst}}, Reference{ResourceKey[minecraft:block / minecraft:infested_cobblestone]=Block{minecraft:infested_cobblestone}}, Reference{ResourceKey[minecraft:block / minecraft:infested_chiseled_stone_bricks]=Block{minecraft:infested_chiseled_stone_bricks}}, Reference{ResourceKey[minecraft:block / minecraft:infested_cracked_stone_bricks]=Block{minecraft:infested_cracked_stone_bricks}}, Reference{ResourceKey[minecraft:block / minecraft:infested_deepslate]=Block{minecraft:infested_deepslate}}, Reference{ResourceKey[minecraft:block / minecraft:infested_stone]=Block{minecraft:infested_stone}}, Reference{ResourceKey[minecraft:block / minecraft:infested_mossy_stone_bricks]=Block{minecraft:infested_mossy_stone_bricks}}, Reference{ResourceKey[minecraft:block / minecraft:infested_stone_bricks]=Block{minecraft:infested_stone_bricks}}, Reference{ResourceKey[minecraft:block / minecraft:stone_button]=Block{minecraft:stone_button}}, Reference{ResourceKey[minecraft:block / minecraft:polished_blackstone_button]=Block{minecraft:polished_blackstone_button}}, Reference{ResourceKey[minecraft:block / minecraft:cobblestone_wall]=Block{minecraft:cobblestone_wall}}, Reference{ResourceKey[minecraft:block / minecraft:mossy_cobblestone_wall]=Block{minecraft:mossy_cobblestone_wall}}, Reference{ResourceKey[minecraft:block / minecraft:brick_wall]=Block{minecraft:brick_wall}}, Reference{ResourceKey[minecraft:block / minecraft:prismarine_wall]=Block{minecraft:prismarine_wall}}, Reference{ResourceKey[minecraft:block / minecraft:red_sandstone_wall]=Block{minecraft:red_sandstone_wall}}, Reference{ResourceKey[minecraft:block / minecraft:mossy_stone_brick_wall]=Block{minecraft:mossy_stone_brick_wall}}, Reference{ResourceKey[minecraft:block / minecraft:granite_wall]=Block{minecraft:granite_wall}}, Reference{ResourceKey[minecraft:block / minecraft:stone_brick_wall]=Block{minecraft:stone_brick_wall}}, Reference{ResourceKey[minecraft:block / minecraft:nether_brick_wall]=Block{minecraft:nether_brick_wall}}, Reference{ResourceKey[minecraft:block / minecraft:andesite_wall]=Block{minecraft:andesite_wall}}, Reference{ResourceKey[minecraft:block / minecraft:red_nether_brick_wall]=Block{minecraft:red_nether_brick_wall}}, Reference{ResourceKey[minecraft:block / minecraft:sandstone_wall]=Block{minecraft:sandstone_wall}}, Reference{ResourceKey[minecraft:block / minecraft:end_stone_brick_wall]=Block{minecraft:end_stone_brick_wall}}, Reference{ResourceKey[minecraft:block / minecraft:diorite_wall]=Block{minecraft:diorite_wall}}, Reference{ResourceKey[minecraft:block / minecraft:blackstone_wall]=Block{minecraft:blackstone_wall}}, Reference{ResourceKey[minecraft:block / minecraft:polished_blackstone_brick_wall]=Block{minecraft:polished_blackstone_brick_wall}}, Reference{ResourceKey[minecraft:block / minecraft:polished_blackstone_wall]=Block{minecraft:polished_blackstone_wall}}, Reference{ResourceKey[minecraft:block / minecraft:cobbled_deepslate_wall]=Block{minecraft:cobbled_deepslate_wall}}, Reference{ResourceKey[minecraft:block / minecraft:polished_deepslate_wall]=Block{minecraft:polished_deepslate_wall}}, Reference{ResourceKey[minecraft:block / minecraft:deepslate_tile_wall]=Block{minecraft:deepslate_tile_wall}}, Reference{ResourceKey[minecraft:block / minecraft:deepslate_brick_wall]=Block{minecraft:deepslate_brick_wall}}, Reference{ResourceKey[minecraft:block / minecraft:mud_brick_wall]=Block{minecraft:mud_brick_wall}}, Reference{ResourceKey[minecraft:block / minecraft:tuff_wall]=Block{minecraft:tuff_wall}}, Reference{ResourceKey[minecraft:block / minecraft:polished_tuff_wall]=Block{minecraft:polished_tuff_wall}}, Reference{ResourceKey[minecraft:block / minecraft:tuff_brick_wall]=Block{minecraft:tuff_brick_wall}}, Reference{ResourceKey[minecraft:block / minecraft:shulker_box]=Block{minecraft:shulker_box}}, Reference{ResourceKey[minecraft:block / minecraft:black_shulker_box]=Block{minecraft:black_shulker_box}}, Reference{ResourceKey[minecraft:block / minecraft:blue_shulker_box]=Block{minecraft:blue_shulker_box}}, Reference{ResourceKey[minecraft:block / minecraft:brown_shulker_box]=Block{minecraft:brown_shulker_box}}, Reference{ResourceKey[minecraft:block / minecraft:cyan_shulker_box]=Block{minecraft:cyan_shulker_box}}, Reference{ResourceKey[minecraft:block / minecraft:gray_shulker_box]=Block{minecraft:gray_shulker_box}}, Reference{ResourceKey[minecraft:block / minecraft:green_shulker_box]=Block{minecraft:green_shulker_box}}, Reference{ResourceKey[minecraft:block / minecraft:light_blue_shulker_box]=Block{minecraft:light_blue_shulker_box}}, Reference{ResourceKey[minecraft:block / minecraft:light_gray_shulker_box]=Block{minecraft:light_gray_shulker_box}}, Reference{ResourceKey[minecraft:block / minecraft:lime_shulker_box]=Block{minecraft:lime_shulker_box}}, Reference{ResourceKey[minecraft:block / minecraft:magenta_shulker_box]=Block{minecraft:magenta_shulker_box}}, Reference{ResourceKey[minecraft:block / minecraft:orange_shulker_box]=Block{minecraft:orange_shulker_box}}, Reference{ResourceKey[minecraft:block / minecraft:pink_shulker_box]=Block{minecraft:pink_shulker_box}}, Reference{ResourceKey[minecraft:block / minecraft:purple_shulker_box]=Block{minecraft:purple_shulker_box}}, Reference{ResourceKey[minecraft:block / minecraft:red_shulker_box]=Block{minecraft:red_shulker_box}}, Reference{ResourceKey[minecraft:block / minecraft:white_shulker_box]=Block{minecraft:white_shulker_box}}, Reference{ResourceKey[minecraft:block / minecraft:yellow_shulker_box]=Block{minecraft:yellow_shulker_box}}, Reference{ResourceKey[minecraft:block / minecraft:anvil]=Block{minecraft:anvil}}, Reference{ResourceKey[minecraft:block / minecraft:chipped_anvil]=Block{minecraft:chipped_anvil}}, Reference{ResourceKey[minecraft:block / minecraft:damaged_anvil]=Block{minecraft:damaged_anvil}}, Reference{ResourceKey[minecraft:block / minecraft:cauldron]=Block{minecraft:cauldron}}, Reference{ResourceKey[minecraft:block / minecraft:water_cauldron]=Block{minecraft:water_cauldron}}, Reference{ResourceKey[minecraft:block / minecraft:lava_cauldron]=Block{minecraft:lava_cauldron}}, Reference{ResourceKey[minecraft:block / minecraft:powder_snow_cauldron]=Block{minecraft:powder_snow_cauldron}}, Reference{ResourceKey[minecraft:block / minecraft:rail]=Block{minecraft:rail}}, Reference{ResourceKey[minecraft:block / minecraft:powered_rail]=Block{minecraft:powered_rail}}, Reference{ResourceKey[minecraft:block / minecraft:detector_rail]=Block{minecraft:detector_rail}}, Reference{ResourceKey[minecraft:block / minecraft:activator_rail]=Block{minecraft:activator_rail}}, Reference{ResourceKey[minecraft:block / minecraft:conduit]=Block{minecraft:conduit}}, Reference{ResourceKey[minecraft:block / minecraft:mud_bricks]=Block{minecraft:mud_bricks}}, Reference{ResourceKey[minecraft:block / minecraft:mud_brick_stairs]=Block{minecraft:mud_brick_stairs}}, Reference{ResourceKey[minecraft:block / minecraft:mud_brick_slab]=Block{minecraft:mud_brick_slab}}, Reference{ResourceKey[minecraft:block / minecraft:packed_mud]=Block{minecraft:packed_mud}}, Reference{ResourceKey[minecraft:block / minecraft:crafter]=Block{minecraft:crafter}}, Reference{ResourceKey[minecraft:block / minecraft:tuff_slab]=Block{minecraft:tuff_slab}}, Reference{ResourceKey[minecraft:block / minecraft:tuff_stairs]=Block{minecraft:tuff_stairs}}, Reference{ResourceKey[minecraft:block / minecraft:chiseled_tuff]=Block{minecraft:chiseled_tuff}}, Reference{ResourceKey[minecraft:block / minecraft:polished_tuff]=Block{minecraft:polished_tuff}}, Reference{ResourceKey[minecraft:block / minecraft:polished_tuff_slab]=Block{minecraft:polished_tuff_slab}}, Reference{ResourceKey[minecraft:block / minecraft:polished_tuff_stairs]=Block{minecraft:polished_tuff_stairs}}, Reference{ResourceKey[minecraft:block / minecraft:tuff_bricks]=Block{minecraft:tuff_bricks}}, Reference{ResourceKey[minecraft:block / minecraft:tuff_brick_slab]=Block{minecraft:tuff_brick_slab}}, Reference{ResourceKey[minecraft:block / minecraft:tuff_brick_stairs]=Block{minecraft:tuff_brick_stairs}}, Reference{ResourceKey[minecraft:block / minecraft:chiseled_tuff_bricks]=Block{minecraft:chiseled_tuff_bricks}}, Reference{ResourceKey[minecraft:block / minecraft:chiseled_copper]=Block{minecraft:chiseled_copper}}, Reference{ResourceKey[minecraft:block / minecraft:exposed_chiseled_copper]=Block{minecraft:exposed_chiseled_copper}}, Reference{ResourceKey[minecraft:block / minecraft:weathered_chiseled_copper]=Block{minecraft:weathered_chiseled_copper}}, Reference{ResourceKey[minecraft:block / minecraft:oxidized_chiseled_copper]=Block{minecraft:oxidized_chiseled_copper}}, Reference{ResourceKey[minecraft:block / minecraft:waxed_chiseled_copper]=Block{minecraft:waxed_chiseled_copper}}, Reference{ResourceKey[minecraft:block / minecraft:waxed_exposed_chiseled_copper]=Block{minecraft:waxed_exposed_chiseled_copper}}, Reference{ResourceKey[minecraft:block / minecraft:waxed_weathered_chiseled_copper]=Block{minecraft:waxed_weathered_chiseled_copper}}, Reference{ResourceKey[minecraft:block / minecraft:waxed_oxidized_chiseled_copper]=Block{minecraft:waxed_oxidized_chiseled_copper}}, Reference{ResourceKey[minecraft:block / minecraft:copper_grate]=Block{minecraft:copper_grate}}, Reference{ResourceKey[minecraft:block / minecraft:exposed_copper_grate]=Block{minecraft:exposed_copper_grate}}, Reference{ResourceKey[minecraft:block / minecraft:weathered_copper_grate]=Block{minecraft:weathered_copper_grate}}, Reference{ResourceKey[minecraft:block / minecraft:oxidized_copper_grate]=Block{minecraft:oxidized_copper_grate}}, Reference{ResourceKey[minecraft:block / minecraft:waxed_copper_grate]=Block{minecraft:waxed_copper_grate}}, Reference{ResourceKey[minecraft:block / minecraft:waxed_exposed_copper_grate]=Block{minecraft:waxed_exposed_copper_grate}}, Reference{ResourceKey[minecraft:block / minecraft:waxed_weathered_copper_grate]=Block{minecraft:waxed_weathered_copper_grate}}, Reference{ResourceKey[minecraft:block / minecraft:waxed_oxidized_copper_grate]=Block{minecraft:waxed_oxidized_copper_grate}}, Reference{ResourceKey[minecraft:block / minecraft:copper_bulb]=Block{minecraft:copper_bulb}}, Reference{ResourceKey[minecraft:block / minecraft:exposed_copper_bulb]=Block{minecraft:exposed_copper_bulb}}, Reference{ResourceKey[minecraft:block / minecraft:weathered_copper_bulb]=Block{minecraft:weathered_copper_bulb}}, Reference{ResourceKey[minecraft:block / minecraft:oxidized_copper_bulb]=Block{minecraft:oxidized_copper_bulb}}, Reference{ResourceKey[minecraft:block / minecraft:waxed_copper_bulb]=Block{minecraft:waxed_copper_bulb}}, Reference{ResourceKey[minecraft:block / minecraft:waxed_exposed_copper_bulb]=Block{minecraft:waxed_exposed_copper_bulb}}, Reference{ResourceKey[minecraft:block / minecraft:waxed_weathered_copper_bulb]=Block{minecraft:waxed_weathered_copper_bulb}}, Reference{ResourceKey[minecraft:block / minecraft:waxed_oxidized_copper_bulb]=Block{minecraft:waxed_oxidized_copper_bulb}}, Reference{ResourceKey[minecraft:block / minecraft:copper_door]=Block{minecraft:copper_door}}, Reference{ResourceKey[minecraft:block / minecraft:exposed_copper_door]=Block{minecraft:exposed_copper_door}}, Reference{ResourceKey[minecraft:block / minecraft:weathered_copper_door]=Block{minecraft:weathered_copper_door}}, Reference{ResourceKey[minecraft:block / minecraft:oxidized_copper_door]=Block{minecraft:oxidized_copper_door}}, Reference{ResourceKey[minecraft:block / minecraft:waxed_copper_door]=Block{minecraft:waxed_copper_door}}, Reference{ResourceKey[minecraft:block / minecraft:waxed_exposed_copper_door]=Block{minecraft:waxed_exposed_copper_door}}, Reference{ResourceKey[minecraft:block / minecraft:waxed_weathered_copper_door]=Block{minecraft:waxed_weathered_copper_door}}, Reference{ResourceKey[minecraft:block / minecraft:waxed_oxidized_copper_door]=Block{minecraft:waxed_oxidized_copper_door}}, Reference{ResourceKey[minecraft:block / minecraft:copper_trapdoor]=Block{minecraft:copper_trapdoor}}, Reference{ResourceKey[minecraft:block / minecraft:exposed_copper_trapdoor]=Block{minecraft:exposed_copper_trapdoor}}, Reference{ResourceKey[minecraft:block / minecraft:weathered_copper_trapdoor]=Block{minecraft:weathered_copper_trapdoor}}, Reference{ResourceKey[minecraft:block / minecraft:oxidized_copper_trapdoor]=Block{minecraft:oxidized_copper_trapdoor}}, Reference{ResourceKey[minecraft:block / minecraft:waxed_copper_trapdoor]=Block{minecraft:waxed_copper_trapdoor}}, Reference{ResourceKey[minecraft:block / minecraft:waxed_exposed_copper_trapdoor]=Block{minecraft:waxed_exposed_copper_trapdoor}}, Reference{ResourceKey[minecraft:block / minecraft:waxed_weathered_copper_trapdoor]=Block{minecraft:waxed_weathered_copper_trapdoor}}, Reference{ResourceKey[minecraft:block / minecraft:waxed_oxidized_copper_trapdoor]=Block{minecraft:waxed_oxidized_copper_trapdoor}}, Reference{ResourceKey[minecraft:block / minecraft:heavy_core]=Block{minecraft:heavy_core}}, Reference{ResourceKey[minecraft:block / britannia_mod:custom_sandstone_brick]=Block{britannia_mod:custom_sandstone_brick}}, Reference{ResourceKey[minecraft:block / britannia_mod:custom_sandstone_brick_stairs_0]=Block{britannia_mod:custom_sandstone_brick_stairs_0}}, Reference{ResourceKey[minecraft:block / britannia_mod:custom_sandstone_brick_stairs_1]=Block{britannia_mod:custom_sandstone_brick_stairs_1}}, Reference{ResourceKey[minecraft:block / britannia_mod:custom_sandstone_brick_stairs_2]=Block{britannia_mod:custom_sandstone_brick_stairs_2}}, Reference{ResourceKey[minecraft:block / britannia_mod:custom_sandstone_brick_stairs_3]=Block{britannia_mod:custom_sandstone_brick_stairs_3}}, Reference{ResourceKey[minecraft:block / britannia_mod:light_sandstone_paver]=Block{britannia_mod:light_sandstone_paver}}, Reference{ResourceKey[minecraft:block / britannia_mod:dark_sandstone_paver]=Block{britannia_mod:dark_sandstone_paver}}, Reference{ResourceKey[minecraft:block / britannia_mod:slate_roof_flat]=Block{britannia_mod:slate_roof_flat}}, Reference{ResourceKey[minecraft:block / britannia_mod:sandstone_roof]=Block{britannia_mod:sandstone_roof}}, Reference{ResourceKey[minecraft:block / britannia_mod:limestone_roof]=Block{britannia_mod:limestone_roof}}, Reference{ResourceKey[minecraft:block / britannia_mod:ornate_sandstone_wall]=Block{britannia_mod:ornate_sandstone_wall}}, Reference{ResourceKey[minecraft:block / britannia_mod:regular_sandstone_wall]=Block{britannia_mod:regular_sandstone_wall}}, Reference{ResourceKey[minecraft:block / britannia_mod:sandstone_block_wall]=Block{britannia_mod:sandstone_block_wall}}, Reference{ResourceKey[minecraft:block / britannia_mod:ornate_sandstone_window]=Block{britannia_mod:ornate_sandstone_window}}, Reference{ResourceKey[minecraft:block / britannia_mod:sandstone_window]=Block{britannia_mod:sandstone_window}}, Reference{ResourceKey[minecraft:block / britannia_mod:sandstone_post]=Block{britannia_mod:sandstone_post}}, Reference{ResourceKey[minecraft:block / britannia_mod:ornate_sandstone_post]=Block{britannia_mod:ornate_sandstone_post}}, Reference{ResourceKey[minecraft:block / britannia_mod:sandstone_battlement]=Block{britannia_mod:sandstone_battlement}}, Reference{ResourceKey[minecraft:block / britannia_mod:sandstone_column]=Block{britannia_mod:sandstone_column}}, Reference{ResourceKey[minecraft:block / britannia_mod:pewter_mug]=Block{britannia_mod:pewter_mug}}, Reference{ResourceKey[minecraft:block / britannia_mod:kettle]=Block{britannia_mod:kettle}}, Reference{ResourceKey[minecraft:block / britannia_mod:plates_and_silverware]=Block{britannia_mod:plates_and_silverware}}, Reference{ResourceKey[minecraft:block / britannia_mod:fountain]=Block{britannia_mod:fountain}}, Reference{ResourceKey[minecraft:block / britannia_mod:water_well]=Block{britannia_mod:water_well}}, Reference{ResourceKey[minecraft:block / britannia_mod:brick_foundation_oak]=Block{britannia_mod:brick_foundation_oak}}, Reference{ResourceKey[minecraft:block / britannia_mod:brick_foundation_spruce]=Block{britannia_mod:brick_foundation_spruce}}, Reference{ResourceKey[minecraft:block / britannia_mod:brick_foundation_sandstone]=Block{britannia_mod:brick_foundation_sandstone}}, Reference{ResourceKey[minecraft:block / britannia_mod:brick_foundation_dark_sandstone]=Block{britannia_mod:brick_foundation_dark_sandstone}}, Reference{ResourceKey[minecraft:block / britannia_mod:brick_foundation_flagstone]=Block{britannia_mod:brick_foundation_flagstone}}, Reference{ResourceKey[minecraft:block / britannia_mod:flagstone]=Block{britannia_mod:flagstone}}]], speed=Optional.empty, correctForDrops=Optional[false]], Rule[blocks=NamedSet(TagKey[minecraft:block / minecraft:mineable/pickaxe])[[Reference{ResourceKey[minecraft:block / minecraft:stone]=Block{minecraft:stone}}, Reference{ResourceKey[minecraft:block / minecraft:granite]=Block{minecraft:granite}}, Reference{ResourceKey[minecraft:block / minecraft:polished_granite]=Block{minecraft:polished_granite}}, Reference{ResourceKey[minecraft:block / minecraft:diorite]=Block{minecraft:diorite}}, Reference{ResourceKey[minecraft:block / minecraft:polished_diorite]=Block{minecraft:polished_diorite}}, Reference{ResourceKey[minecraft:block / minecraft:andesite]=Block{minecraft:andesite}}, Reference{ResourceKey[minecraft:block / minecraft:polished_andesite]=Block{minecraft:polished_andesite}}, Reference{ResourceKey[minecraft:block / minecraft:cobblestone]=Block{minecraft:cobblestone}}, Reference{ResourceKey[minecraft:block / minecraft:gold_ore]=Block{minecraft:gold_ore}}, Reference{ResourceKey[minecraft:block / minecraft:deepslate_gold_ore]=Block{minecraft:deepslate_gold_ore}}, Reference{ResourceKey[minecraft:block / minecraft:iron_ore]=Block{minecraft:iron_ore}}, Reference{ResourceKey[minecraft:block / minecraft:deepslate_iron_ore]=Block{minecraft:deepslate_iron_ore}}, Reference{ResourceKey[minecraft:block / minecraft:coal_ore]=Block{minecraft:coal_ore}}, Reference{ResourceKey[minecraft:block / minecraft:deepslate_coal_ore]=Block{minecraft:deepslate_coal_ore}}, Reference{ResourceKey[minecraft:block / minecraft:nether_gold_ore]=Block{minecraft:nether_gold_ore}}, Reference{ResourceKey[minecraft:block / minecraft:lapis_ore]=Block{minecraft:lapis_ore}}, Reference{ResourceKey[minecraft:block / minecraft:deepslate_lapis_ore]=Block{minecraft:deepslate_lapis_ore}}, Reference{ResourceKey[minecraft:block / minecraft:lapis_block]=Block{minecraft:lapis_block}}, Reference{ResourceKey[minecraft:block / minecraft:dispenser]=Block{minecraft:dispenser}}, Reference{ResourceKey[minecraft:block / minecraft:sandstone]=Block{minecraft:sandstone}}, Reference{ResourceKey[minecraft:block / minecraft:chiseled_sandstone]=Block{minecraft:chiseled_sandstone}}, Reference{ResourceKey[minecraft:block / minecraft:cut_sandstone]=Block{minecraft:cut_sandstone}}, Reference{ResourceKey[minecraft:block / minecraft:gold_block]=Block{minecraft:gold_block}}, Reference{ResourceKey[minecraft:block / minecraft:iron_block]=Block{minecraft:iron_block}}, Reference{ResourceKey[minecraft:block / minecraft:bricks]=Block{minecraft:bricks}}, Reference{ResourceKey[minecraft:block / minecraft:mossy_cobblestone]=Block{minecraft:mossy_cobblestone}}, Reference{ResourceKey[minecraft:block / minecraft:obsidian]=Block{minecraft:obsidian}}, Reference{ResourceKey[minecraft:block / minecraft:spawner]=Block{minecraft:spawner}}, Reference{ResourceKey[minecraft:block / minecraft:diamond_ore]=Block{minecraft:diamond_ore}}, Reference{ResourceKey[minecraft:block / minecraft:deepslate_diamond_ore]=Block{minecraft:deepslate_diamond_ore}}, Reference{ResourceKey[minecraft:block / minecraft:diamond_block]=Block{minecraft:diamond_block}}, Reference{ResourceKey[minecraft:block / minecraft:furnace]=Block{minecraft:furnace}}, Reference{ResourceKey[minecraft:block / minecraft:cobblestone_stairs]=Block{minecraft:cobblestone_stairs}}, Reference{ResourceKey[minecraft:block / minecraft:stone_pressure_plate]=Block{minecraft:stone_pressure_plate}}, Reference{ResourceKey[minecraft:block / minecraft:iron_door]=Block{minecraft:iron_door}}, Reference{ResourceKey[minecraft:block / minecraft:redstone_ore]=Block{minecraft:redstone_ore}}, Reference{ResourceKey[minecraft:block / minecraft:deepslate_redstone_ore]=Block{minecraft:deepslate_redstone_ore}}, Reference{ResourceKey[minecraft:block / minecraft:netherrack]=Block{minecraft:netherrack}}, Reference{ResourceKey[minecraft:block / minecraft:basalt]=Block{minecraft:basalt}}, Reference{ResourceKey[minecraft:block / minecraft:polished_basalt]=Block{minecraft:polished_basalt}}, Reference{ResourceKey[minecraft:block / minecraft:stone_bricks]=Block{minecraft:stone_bricks}}, Reference{ResourceKey[minecraft:block / minecraft:mossy_stone_bricks]=Block{minecraft:mossy_stone_bricks}}, Reference{ResourceKey[minecraft:block / minecraft:cracked_stone_bricks]=Block{minecraft:cracked_stone_bricks}}, Reference{ResourceKey[minecraft:block / minecraft:chiseled_stone_bricks]=Block{minecraft:chiseled_stone_bricks}}, Reference{ResourceKey[minecraft:block / minecraft:iron_bars]=Block{minecraft:iron_bars}}, Reference{ResourceKey[minecraft:block / minecraft:chain]=Block{minecraft:chain}}, Reference{ResourceKey[minecraft:block / minecraft:brick_stairs]=Block{minecraft:brick_stairs}}, Reference{ResourceKey[minecraft:block / minecraft:stone_brick_stairs]=Block{minecraft:stone_brick_stairs}}, Reference{ResourceKey[minecraft:block / minecraft:nether_bricks]=Block{minecraft:nether_bricks}}, Reference{ResourceKey[minecraft:block / minecraft:nether_brick_fence]=Block{minecraft:nether_brick_fence}}, Reference{ResourceKey[minecraft:block / minecraft:nether_brick_stairs]=Block{minecraft:nether_brick_stairs}}, Reference{ResourceKey[minecraft:block / minecraft:enchanting_table]=Block{minecraft:enchanting_table}}, Reference{ResourceKey[minecraft:block / minecraft:brewing_stand]=Block{minecraft:brewing_stand}}, Reference{ResourceKey[minecraft:block / minecraft:end_stone]=Block{minecraft:end_stone}}, Reference{ResourceKey[minecraft:block / minecraft:sandstone_stairs]=Block{minecraft:sandstone_stairs}}, Reference{ResourceKey[minecraft:block / minecraft:emerald_ore]=Block{minecraft:emerald_ore}}, Reference{ResourceKey[minecraft:block / minecraft:deepslate_emerald_ore]=Block{minecraft:deepslate_emerald_ore}}, Reference{ResourceKey[minecraft:block / minecraft:ender_chest]=Block{minecraft:ender_chest}}, Reference{ResourceKey[minecraft:block / minecraft:emerald_block]=Block{minecraft:emerald_block}}, Reference{ResourceKey[minecraft:block / minecraft:light_weighted_pressure_plate]=Block{minecraft:light_weighted_pressure_plate}}, Reference{ResourceKey[minecraft:block / minecraft:heavy_weighted_pressure_plate]=Block{minecraft:heavy_weighted_pressure_plate}}, Reference{ResourceKey[minecraft:block / minecraft:redstone_block]=Block{minecraft:redstone_block}}, Reference{ResourceKey[minecraft:block / minecraft:nether_quartz_ore]=Block{minecraft:nether_quartz_ore}}, Reference{ResourceKey[minecraft:block / minecraft:hopper]=Block{minecraft:hopper}}, Reference{ResourceKey[minecraft:block / minecraft:quartz_block]=Block{minecraft:quartz_block}}, Reference{ResourceKey[minecraft:block / minecraft:chiseled_quartz_block]=Block{minecraft:chiseled_quartz_block}}, Reference{ResourceKey[minecraft:block / minecraft:quartz_pillar]=Block{minecraft:quartz_pillar}}, Reference{ResourceKey[minecraft:block / minecraft:quartz_stairs]=Block{minecraft:quartz_stairs}}, Reference{ResourceKey[minecraft:block / minecraft:dropper]=Block{minecraft:dropper}}, Reference{ResourceKey[minecraft:block / minecraft:white_terracotta]=Block{minecraft:white_terracotta}}, Reference{ResourceKey[minecraft:block / minecraft:orange_terracotta]=Block{minecraft:orange_terracotta}}, Reference{ResourceKey[minecraft:block / minecraft:magenta_terracotta]=Block{minecraft:magenta_terracotta}}, Reference{ResourceKey[minecraft:block / minecraft:light_blue_terracotta]=Block{minecraft:light_blue_terracotta}}, Reference{ResourceKey[minecraft:block / minecraft:yellow_terracotta]=Block{minecraft:yellow_terracotta}}, Reference{ResourceKey[minecraft:block / minecraft:lime_terracotta]=Block{minecraft:lime_terracotta}}, Reference{ResourceKey[minecraft:block / minecraft:pink_terracotta]=Block{minecraft:pink_terracotta}}, Reference{ResourceKey[minecraft:block / minecraft:gray_terracotta]=Block{minecraft:gray_terracotta}}, Reference{ResourceKey[minecraft:block / minecraft:light_gray_terracotta]=Block{minecraft:light_gray_terracotta}}, Reference{ResourceKey[minecraft:block / minecraft:cyan_terracotta]=Block{minecraft:cyan_terracotta}}, Reference{ResourceKey[minecraft:block / minecraft:purple_terracotta]=Block{minecraft:purple_terracotta}}, Reference{ResourceKey[minecraft:block / minecraft:blue_terracotta]=Block{minecraft:blue_terracotta}}, Reference{ResourceKey[minecraft:block / minecraft:brown_terracotta]=Block{minecraft:brown_terracotta}}, Reference{ResourceKey[minecraft:block / minecraft:green_terracotta]=Block{minecraft:green_terracotta}}, Reference{ResourceKey[minecraft:block / minecraft:red_terracotta]=Block{minecraft:red_terracotta}}, Reference{ResourceKey[minecraft:block / minecraft:black_terracotta]=Block{minecraft:black_terracotta}}, Reference{ResourceKey[minecraft:block / minecraft:iron_trapdoor]=Block{minecraft:iron_trapdoor}}, Reference{ResourceKey[minecraft:block / minecraft:prismarine]=Block{minecraft:prismarine}}, Reference{ResourceKey[minecraft:block / minecraft:prismarine_bricks]=Block{minecraft:prismarine_bricks}}, Reference{ResourceKey[minecraft:block / minecraft:dark_prismarine]=Block{minecraft:dark_prismarine}}, Reference{ResourceKey[minecraft:block / minecraft:prismarine_stairs]=Block{minecraft:prismarine_stairs}}, Reference{ResourceKey[minecraft:block / minecraft:prismarine_brick_stairs]=Block{minecraft:prismarine_brick_stairs}}, Reference{ResourceKey[minecraft:block / minecraft:dark_prismarine_stairs]=Block{minecraft:dark_prismarine_stairs}}, Reference{ResourceKey[minecraft:block / minecraft:prismarine_slab]=Block{minecraft:prismarine_slab}}, Reference{ResourceKey[minecraft:block / minecraft:prismarine_brick_slab]=Block{minecraft:prismarine_brick_slab}}, Reference{ResourceKey[minecraft:block / minecraft:dark_prismarine_slab]=Block{minecraft:dark_prismarine_slab}}, Reference{ResourceKey[minecraft:block / minecraft:terracotta]=Block{minecraft:terracotta}}, Reference{ResourceKey[minecraft:block / minecraft:coal_block]=Block{minecraft:coal_block}}, Reference{ResourceKey[minecraft:block / minecraft:red_sandstone]=Block{minecraft:red_sandstone}}, Reference{ResourceKey[minecraft:block / minecraft:chiseled_red_sandstone]=Block{minecraft:chiseled_red_sandstone}}, Reference{ResourceKey[minecraft:block / minecraft:cut_red_sandstone]=Block{minecraft:cut_red_sandstone}}, Reference{ResourceKey[minecraft:block / minecraft:red_sandstone_stairs]=Block{minecraft:red_sandstone_stairs}}, Reference{ResourceKey[minecraft:block / minecraft:stone_slab]=Block{minecraft:stone_slab}}, Reference{ResourceKey[minecraft:block / minecraft:smooth_stone_slab]=Block{minecraft:smooth_stone_slab}}, Reference{ResourceKey[minecraft:block / minecraft:sandstone_slab]=Block{minecraft:sandstone_slab}}, Reference{ResourceKey[minecraft:block / minecraft:cut_sandstone_slab]=Block{minecraft:cut_sandstone_slab}}, Reference{ResourceKey[minecraft:block / minecraft:petrified_oak_slab]=Block{minecraft:petrified_oak_slab}}, Reference{ResourceKey[minecraft:block / minecraft:cobblestone_slab]=Block{minecraft:cobblestone_slab}}, Reference{ResourceKey[minecraft:block / minecraft:brick_slab]=Block{minecraft:brick_slab}}, Reference{ResourceKey[minecraft:block / minecraft:stone_brick_slab]=Block{minecraft:stone_brick_slab}}, Reference{ResourceKey[minecraft:block / minecraft:nether_brick_slab]=Block{minecraft:nether_brick_slab}}, Reference{ResourceKey[minecraft:block / minecraft:quartz_slab]=Block{minecraft:quartz_slab}}, Reference{ResourceKey[minecraft:block / minecraft:red_sandstone_slab]=Block{minecraft:red_sandstone_slab}}, Reference{ResourceKey[minecraft:block / minecraft:cut_red_sandstone_slab]=Block{minecraft:cut_red_sandstone_slab}}, Reference{ResourceKey[minecraft:block / minecraft:purpur_slab]=Block{minecraft:purpur_slab}}, Reference{ResourceKey[minecraft:block / minecraft:smooth_stone]=Block{minecraft:smooth_stone}}, Reference{ResourceKey[minecraft:block / minecraft:smooth_sandstone]=Block{minecraft:smooth_sandstone}}, Reference{ResourceKey[minecraft:block / minecraft:smooth_quartz]=Block{minecraft:smooth_quartz}}, Reference{ResourceKey[minecraft:block / minecraft:smooth_red_sandstone]=Block{minecraft:smooth_red_sandstone}}, Reference{ResourceKey[minecraft:block / minecraft:purpur_block]=Block{minecraft:purpur_block}}, Reference{ResourceKey[minecraft:block / minecraft:purpur_pillar]=Block{minecraft:purpur_pillar}}, Reference{ResourceKey[minecraft:block / minecraft:purpur_stairs]=Block{minecraft:purpur_stairs}}, Reference{ResourceKey[minecraft:block / minecraft:end_stone_bricks]=Block{minecraft:end_stone_bricks}}, Reference{ResourceKey[minecraft:block / minecraft:magma_block]=Block{minecraft:magma_block}}, Reference{ResourceKey[minecraft:block / minecraft:red_nether_bricks]=Block{minecraft:red_nether_bricks}}, Reference{ResourceKey[minecraft:block / minecraft:bone_block]=Block{minecraft:bone_block}}, Reference{ResourceKey[minecraft:block / minecraft:observer]=Block{minecraft:observer}}, Reference{ResourceKey[minecraft:block / minecraft:white_glazed_terracotta]=Block{minecraft:white_glazed_terracotta}}, Reference{ResourceKey[minecraft:block / minecraft:orange_glazed_terracotta]=Block{minecraft:orange_glazed_terracotta}}, Reference{ResourceKey[minecraft:block / minecraft:magenta_glazed_terracotta]=Block{minecraft:magenta_glazed_terracotta}}, Reference{ResourceKey[minecraft:block / minecraft:light_blue_glazed_terracotta]=Block{minecraft:light_blue_glazed_terracotta}}, Reference{ResourceKey[minecraft:block / minecraft:yellow_glazed_terracotta]=Block{minecraft:yellow_glazed_terracotta}}, Reference{ResourceKey[minecraft:block / minecraft:lime_glazed_terracotta]=Block{minecraft:lime_glazed_terracotta}}, Reference{ResourceKey[minecraft:block / minecraft:pink_glazed_terracotta]=Block{minecraft:pink_glazed_terracotta}}, Reference{ResourceKey[minecraft:block / minecraft:gray_glazed_terracotta]=Block{minecraft:gray_glazed_terracotta}}, Reference{ResourceKey[minecraft:block / minecraft:light_gray_glazed_terracotta]=Block{minecraft:light_gray_glazed_terracotta}}, Reference{ResourceKey[minecraft:block / minecraft:cyan_glazed_terracotta]=Block{minecraft:cyan_glazed_terracotta}}, Reference{ResourceKey[minecraft:block / minecraft:purple_glazed_terracotta]=Block{minecraft:purple_glazed_terracotta}}, Reference{ResourceKey[minecraft:block / minecraft:blue_glazed_terracotta]=Block{minecraft:blue_glazed_terracotta}}, Reference{ResourceKey[minecraft:block / minecraft:brown_glazed_terracotta]=Block{minecraft:brown_glazed_terracotta}}, Reference{ResourceKey[minecraft:block / minecraft:green_glazed_terracotta]=Block{minecraft:green_glazed_terracotta}}, Reference{ResourceKey[minecraft:block / minecraft:red_glazed_terracotta]=Block{minecraft:red_glazed_terracotta}}, Reference{ResourceKey[minecraft:block / minecraft:black_glazed_terracotta]=Block{minecraft:black_glazed_terracotta}}, Reference{ResourceKey[minecraft:block / minecraft:white_concrete]=Block{minecraft:white_concrete}}, Reference{ResourceKey[minecraft:block / minecraft:orange_concrete]=Block{minecraft:orange_concrete}}, Reference{ResourceKey[minecraft:block / minecraft:magenta_concrete]=Block{minecraft:magenta_concrete}}, Reference{ResourceKey[minecraft:block / minecraft:light_blue_concrete]=Block{minecraft:light_blue_concrete}}, Reference{ResourceKey[minecraft:block / minecraft:yellow_concrete]=Block{minecraft:yellow_concrete}}, Reference{ResourceKey[minecraft:block / minecraft:lime_concrete]=Block{minecraft:lime_concrete}}, Reference{ResourceKey[minecraft:block / minecraft:pink_concrete]=Block{minecraft:pink_concrete}}, Reference{ResourceKey[minecraft:block / minecraft:gray_concrete]=Block{minecraft:gray_concrete}}, Reference{ResourceKey[minecraft:block / minecraft:light_gray_concrete]=Block{minecraft:light_gray_concrete}}, Reference{ResourceKey[minecraft:block / minecraft:cyan_concrete]=Block{minecraft:cyan_concrete}}, Reference{ResourceKey[minecraft:block / minecraft:purple_concrete]=Block{minecraft:purple_concrete}}, Reference{ResourceKey[minecraft:block / minecraft:blue_concrete]=Block{minecraft:blue_concrete}}, Reference{ResourceKey[minecraft:block / minecraft:brown_concrete]=Block{minecraft:brown_concrete}}, Reference{ResourceKey[minecraft:block / minecraft:green_concrete]=Block{minecraft:green_concrete}}, Reference{ResourceKey[minecraft:block / minecraft:red_concrete]=Block{minecraft:red_concrete}}, Reference{ResourceKey[minecraft:block / minecraft:black_concrete]=Block{minecraft:black_concrete}}, Reference{ResourceKey[minecraft:block / minecraft:dead_tube_coral_block]=Block{minecraft:dead_tube_coral_block}}, Reference{ResourceKey[minecraft:block / minecraft:dead_brain_coral_block]=Block{minecraft:dead_brain_coral_block}}, Reference{ResourceKey[minecraft:block / minecraft:dead_bubble_coral_block]=Block{minecraft:dead_bubble_coral_block}}, Reference{ResourceKey[minecraft:block / minecraft:dead_fire_coral_block]=Block{minecraft:dead_fire_coral_block}}, Reference{ResourceKey[minecraft:block / minecraft:dead_horn_coral_block]=Block{minecraft:dead_horn_coral_block}}, Reference{ResourceKey[minecraft:block / minecraft:tube_coral_block]=Block{minecraft:tube_coral_block}}, Reference{ResourceKey[minecraft:block / minecraft:brain_coral_block]=Block{minecraft:brain_coral_block}}, Reference{ResourceKey[minecraft:block / minecraft:bubble_coral_block]=Block{minecraft:bubble_coral_block}}, Reference{ResourceKey[minecraft:block / minecraft:fire_coral_block]=Block{minecraft:fire_coral_block}}, Reference{ResourceKey[minecraft:block / minecraft:horn_coral_block]=Block{minecraft:horn_coral_block}}, Reference{ResourceKey[minecraft:block / minecraft:dead_tube_coral]=Block{minecraft:dead_tube_coral}}, Reference{ResourceKey[minecraft:block / minecraft:dead_brain_coral]=Block{minecraft:dead_brain_coral}}, Reference{ResourceKey[minecraft:block / minecraft:dead_bubble_coral]=Block{minecraft:dead_bubble_coral}}, Reference{ResourceKey[minecraft:block / minecraft:dead_fire_coral]=Block{minecraft:dead_fire_coral}}, Reference{ResourceKey[minecraft:block / minecraft:dead_horn_coral]=Block{minecraft:dead_horn_coral}}, Reference{ResourceKey[minecraft:block / minecraft:dead_tube_coral_fan]=Block{minecraft:dead_tube_coral_fan}}, Reference{ResourceKey[minecraft:block / minecraft:dead_brain_coral_fan]=Block{minecraft:dead_brain_coral_fan}}, Reference{ResourceKey[minecraft:block / minecraft:dead_bubble_coral_fan]=Block{minecraft:dead_bubble_coral_fan}}, Reference{ResourceKey[minecraft:block / minecraft:dead_fire_coral_fan]=Block{minecraft:dead_fire_coral_fan}}, Reference{ResourceKey[minecraft:block / minecraft:dead_horn_coral_fan]=Block{minecraft:dead_horn_coral_fan}}, Reference{ResourceKey[minecraft:block / minecraft:dead_tube_coral_wall_fan]=Block{minecraft:dead_tube_coral_wall_fan}}, Reference{ResourceKey[minecraft:block / minecraft:dead_brain_coral_wall_fan]=Block{minecraft:dead_brain_coral_wall_fan}}, Reference{ResourceKey[minecraft:block / minecraft:dead_bubble_coral_wall_fan]=Block{minecraft:dead_bubble_coral_wall_fan}}, Reference{ResourceKey[minecraft:block / minecraft:dead_fire_coral_wall_fan]=Block{minecraft:dead_fire_coral_wall_fan}}, Reference{ResourceKey[minecraft:block / minecraft:dead_horn_coral_wall_fan]=Block{minecraft:dead_horn_coral_wall_fan}}, Reference{ResourceKey[minecraft:block / minecraft:polished_granite_stairs]=Block{minecraft:polished_granite_stairs}}, Reference{ResourceKey[minecraft:block / minecraft:smooth_red_sandstone_stairs]=Block{minecraft:smooth_red_sandstone_stairs}}, Reference{ResourceKey[minecraft:block / minecraft:mossy_stone_brick_stairs]=Block{minecraft:mossy_stone_brick_stairs}}, Reference{ResourceKey[minecraft:block / minecraft:polished_diorite_stairs]=Block{minecraft:polished_diorite_stairs}}, Reference{ResourceKey[minecraft:block / minecraft:mossy_cobblestone_stairs]=Block{minecraft:mossy_cobblestone_stairs}}, Reference{ResourceKey[minecraft:block / minecraft:end_stone_brick_stairs]=Block{minecraft:end_stone_brick_stairs}}, Reference{ResourceKey[minecraft:block / minecraft:stone_stairs]=Block{minecraft:stone_stairs}}, Reference{ResourceKey[minecraft:block / minecraft:smooth_sandstone_stairs]=Block{minecraft:smooth_sandstone_stairs}}, Reference{ResourceKey[minecraft:block / minecraft:smooth_quartz_stairs]=Block{minecraft:smooth_quartz_stairs}}, Reference{ResourceKey[minecraft:block / minecraft:granite_stairs]=Block{minecraft:granite_stairs}}, Reference{ResourceKey[minecraft:block / minecraft:andesite_stairs]=Block{minecraft:andesite_stairs}}, Reference{ResourceKey[minecraft:block / minecraft:red_nether_brick_stairs]=Block{minecraft:red_nether_brick_stairs}}, Reference{ResourceKey[minecraft:block / minecraft:polished_andesite_stairs]=Block{minecraft:polished_andesite_stairs}}, Reference{ResourceKey[minecraft:block / minecraft:diorite_stairs]=Block{minecraft:diorite_stairs}}, Reference{ResourceKey[minecraft:block / minecraft:polished_granite_slab]=Block{minecraft:polished_granite_slab}}, Reference{ResourceKey[minecraft:block / minecraft:smooth_red_sandstone_slab]=Block{minecraft:smooth_red_sandstone_slab}}, Reference{ResourceKey[minecraft:block / minecraft:mossy_stone_brick_slab]=Block{minecraft:mossy_stone_brick_slab}}, Reference{ResourceKey[minecraft:block / minecraft:polished_diorite_slab]=Block{minecraft:polished_diorite_slab}}, Reference{ResourceKey[minecraft:block / minecraft:mossy_cobblestone_slab]=Block{minecraft:mossy_cobblestone_slab}}, Reference{ResourceKey[minecraft:block / minecraft:end_stone_brick_slab]=Block{minecraft:end_stone_brick_slab}}, Reference{ResourceKey[minecraft:block / minecraft:smooth_sandstone_slab]=Block{minecraft:smooth_sandstone_slab}}, Reference{ResourceKey[minecraft:block / minecraft:smooth_quartz_slab]=Block{minecraft:smooth_quartz_slab}}, Reference{ResourceKey[minecraft:block / minecraft:granite_slab]=Block{minecraft:granite_slab}}, Reference{ResourceKey[minecraft:block / minecraft:andesite_slab]=Block{minecraft:andesite_slab}}, Reference{ResourceKey[minecraft:block / minecraft:red_nether_brick_slab]=Block{minecraft:red_nether_brick_slab}}, Reference{ResourceKey[minecraft:block / minecraft:polished_andesite_slab]=Block{minecraft:polished_andesite_slab}}, Reference{ResourceKey[minecraft:block / minecraft:diorite_slab]=Block{minecraft:diorite_slab}}, Reference{ResourceKey[minecraft:block / minecraft:smoker]=Block{minecraft:smoker}}, Reference{ResourceKey[minecraft:block / minecraft:blast_furnace]=Block{minecraft:blast_furnace}}, Reference{ResourceKey[minecraft:block / minecraft:grindstone]=Block{minecraft:grindstone}}, Reference{ResourceKey[minecraft:block / minecraft:stonecutter]=Block{minecraft:stonecutter}}, Reference{ResourceKey[minecraft:block / minecraft:bell]=Block{minecraft:bell}}, Reference{ResourceKey[minecraft:block / minecraft:lantern]=Block{minecraft:lantern}}, Reference{ResourceKey[minecraft:block / minecraft:soul_lantern]=Block{minecraft:soul_lantern}}, Reference{ResourceKey[minecraft:block / minecraft:warped_nylium]=Block{minecraft:warped_nylium}}, Reference{ResourceKey[minecraft:block / minecraft:crimson_nylium]=Block{minecraft:crimson_nylium}}, Reference{ResourceKey[minecraft:block / minecraft:netherite_block]=Block{minecraft:netherite_block}}, Reference{ResourceKey[minecraft:block / minecraft:ancient_debris]=Block{minecraft:ancient_debris}}, Reference{ResourceKey[minecraft:block / minecraft:crying_obsidian]=Block{minecraft:crying_obsidian}}, Reference{ResourceKey[minecraft:block / minecraft:respawn_anchor]=Block{minecraft:respawn_anchor}}, Reference{ResourceKey[minecraft:block / minecraft:lodestone]=Block{minecraft:lodestone}}, Reference{ResourceKey[minecraft:block / minecraft:blackstone]=Block{minecraft:blackstone}}, Reference{ResourceKey[minecraft:block / minecraft:blackstone_stairs]=Block{minecraft:blackstone_stairs}}, Reference{ResourceKey[minecraft:block / minecraft:blackstone_slab]=Block{minecraft:blackstone_slab}}, Reference{ResourceKey[minecraft:block / minecraft:polished_blackstone]=Block{minecraft:polished_blackstone}}, Reference{ResourceKey[minecraft:block / minecraft:polished_blackstone_bricks]=Block{minecraft:polished_blackstone_bricks}}, Reference{ResourceKey[minecraft:block / minecraft:cracked_polished_blackstone_bricks]=Block{minecraft:cracked_polished_blackstone_bricks}}, Reference{ResourceKey[minecraft:block / minecraft:chiseled_polished_blackstone]=Block{minecraft:chiseled_polished_blackstone}}, Reference{ResourceKey[minecraft:block / minecraft:polished_blackstone_brick_slab]=Block{minecraft:polished_blackstone_brick_slab}}, Reference{ResourceKey[minecraft:block / minecraft:polished_blackstone_brick_stairs]=Block{minecraft:polished_blackstone_brick_stairs}}, Reference{ResourceKey[minecraft:block / minecraft:gilded_blackstone]=Block{minecraft:gilded_blackstone}}, Reference{ResourceKey[minecraft:block / minecraft:polished_blackstone_stairs]=Block{minecraft:polished_blackstone_stairs}}, Reference{ResourceKey[minecraft:block / minecraft:polished_blackstone_slab]=Block{minecraft:polished_blackstone_slab}}, Reference{ResourceKey[minecraft:block / minecraft:polished_blackstone_pressure_plate]=Block{minecraft:polished_blackstone_pressure_plate}}, Reference{ResourceKey[minecraft:block / minecraft:chiseled_nether_bricks]=Block{minecraft:chiseled_nether_bricks}}, Reference{ResourceKey[minecraft:block / minecraft:cracked_nether_bricks]=Block{minecraft:cracked_nether_bricks}}, Reference{ResourceKey[minecraft:block / minecraft:quartz_bricks]=Block{minecraft:quartz_bricks}}, Reference{ResourceKey[minecraft:block / minecraft:tuff]=Block{minecraft:tuff}}, Reference{ResourceKey[minecraft:block / minecraft:calcite]=Block{minecraft:calcite}}, Reference{ResourceKey[minecraft:block / minecraft:oxidized_copper]=Block{minecraft:oxidized_copper}}, Reference{ResourceKey[minecraft:block / minecraft:weathered_copper]=Block{minecraft:weathered_copper}}, Reference{ResourceKey[minecraft:block / minecraft:exposed_copper]=Block{minecraft:exposed_copper}}, Reference{ResourceKey[minecraft:block / minecraft:copper_block]=Block{minecraft:copper_block}}, Reference{ResourceKey[minecraft:block / minecraft:copper_ore]=Block{minecraft:copper_ore}}, Reference{ResourceKey[minecraft:block / minecraft:deepslate_copper_ore]=Block{minecraft:deepslate_copper_ore}}, Reference{ResourceKey[minecraft:block / minecraft:oxidized_cut_copper]=Block{minecraft:oxidized_cut_copper}}, Reference{ResourceKey[minecraft:block / minecraft:weathered_cut_copper]=Block{minecraft:weathered_cut_copper}}, Reference{ResourceKey[minecraft:block / minecraft:exposed_cut_copper]=Block{minecraft:exposed_cut_copper}}, Reference{ResourceKey[minecraft:block / minecraft:cut_copper]=Block{minecraft:cut_copper}}, Reference{ResourceKey[minecraft:block / minecraft:oxidized_cut_copper_stairs]=Block{minecraft:oxidized_cut_copper_stairs}}, Reference{ResourceKey[minecraft:block / minecraft:weathered_cut_copper_stairs]=Block{minecraft:weathered_cut_copper_stairs}}, Reference{ResourceKey[minecraft:block / minecraft:exposed_cut_copper_stairs]=Block{minecraft:exposed_cut_copper_stairs}}, Reference{ResourceKey[minecraft:block / minecraft:cut_copper_stairs]=Block{minecraft:cut_copper_stairs}}, Reference{ResourceKey[minecraft:block / minecraft:oxidized_cut_copper_slab]=Block{minecraft:oxidized_cut_copper_slab}}, Reference{ResourceKey[minecraft:block / minecraft:weathered_cut_copper_slab]=Block{minecraft:weathered_cut_copper_slab}}, Reference{ResourceKey[minecraft:block / minecraft:exposed_cut_copper_slab]=Block{minecraft:exposed_cut_copper_slab}}, Reference{ResourceKey[minecraft:block / minecraft:cut_copper_slab]=Block{minecraft:cut_copper_slab}}, Reference{ResourceKey[minecraft:block / minecraft:waxed_copper_block]=Block{minecraft:waxed_copper_block}}, Reference{ResourceKey[minecraft:block / minecraft:waxed_weathered_copper]=Block{minecraft:waxed_weathered_copper}}, Reference{ResourceKey[minecraft:block / minecraft:waxed_exposed_copper]=Block{minecraft:waxed_exposed_copper}}, Reference{ResourceKey[minecraft:block / minecraft:waxed_oxidized_copper]=Block{minecraft:waxed_oxidized_copper}}, Reference{ResourceKey[minecraft:block / minecraft:waxed_oxidized_cut_copper]=Block{minecraft:waxed_oxidized_cut_copper}}, Reference{ResourceKey[minecraft:block / minecraft:waxed_weathered_cut_copper]=Block{minecraft:waxed_weathered_cut_copper}}, Reference{ResourceKey[minecraft:block / minecraft:waxed_exposed_cut_copper]=Block{minecraft:waxed_exposed_cut_copper}}, Reference{ResourceKey[minecraft:block / minecraft:waxed_cut_copper]=Block{minecraft:waxed_cut_copper}}, Reference{ResourceKey[minecraft:block / minecraft:waxed_oxidized_cut_copper_stairs]=Block{minecraft:waxed_oxidized_cut_copper_stairs}}, Reference{ResourceKey[minecraft:block / minecraft:waxed_weathered_cut_copper_stairs]=Block{minecraft:waxed_weathered_cut_copper_stairs}}, Reference{ResourceKey[minecraft:block / minecraft:waxed_exposed_cut_copper_stairs]=Block{minecraft:waxed_exposed_cut_copper_stairs}}, Reference{ResourceKey[minecraft:block / minecraft:waxed_cut_copper_stairs]=Block{minecraft:waxed_cut_copper_stairs}}, Reference{ResourceKey[minecraft:block / minecraft:waxed_oxidized_cut_copper_slab]=Block{minecraft:waxed_oxidized_cut_copper_slab}}, Reference{ResourceKey[minecraft:block / minecraft:waxed_weathered_cut_copper_slab]=Block{minecraft:waxed_weathered_cut_copper_slab}}, Reference{ResourceKey[minecraft:block / minecraft:waxed_exposed_cut_copper_slab]=Block{minecraft:waxed_exposed_cut_copper_slab}}, Reference{ResourceKey[minecraft:block / minecraft:waxed_cut_copper_slab]=Block{minecraft:waxed_cut_copper_slab}}, Reference{ResourceKey[minecraft:block / minecraft:lightning_rod]=Block{minecraft:lightning_rod}}, Reference{ResourceKey[minecraft:block / minecraft:pointed_dripstone]=Block{minecraft:pointed_dripstone}}, Reference{ResourceKey[minecraft:block / minecraft:dripstone_block]=Block{minecraft:dripstone_block}}, Reference{ResourceKey[minecraft:block / minecraft:deepslate]=Block{minecraft:deepslate}}, Reference{ResourceKey[minecraft:block / minecraft:cobbled_deepslate]=Block{minecraft:cobbled_deepslate}}, Reference{ResourceKey[minecraft:block / minecraft:cobbled_deepslate_stairs]=Block{minecraft:cobbled_deepslate_stairs}}, Reference{ResourceKey[minecraft:block / minecraft:cobbled_deepslate_slab]=Block{minecraft:cobbled_deepslate_slab}}, Reference{ResourceKey[minecraft:block / minecraft:polished_deepslate]=Block{minecraft:polished_deepslate}}, Reference{ResourceKey[minecraft:block / minecraft:polished_deepslate_stairs]=Block{minecraft:polished_deepslate_stairs}}, Reference{ResourceKey[minecraft:block / minecraft:polished_deepslate_slab]=Block{minecraft:polished_deepslate_slab}}, Reference{ResourceKey[minecraft:block / minecraft:deepslate_tiles]=Block{minecraft:deepslate_tiles}}, Reference{ResourceKey[minecraft:block / minecraft:deepslate_tile_stairs]=Block{minecraft:deepslate_tile_stairs}}, Reference{ResourceKey[minecraft:block / minecraft:deepslate_tile_slab]=Block{minecraft:deepslate_tile_slab}}, Reference{ResourceKey[minecraft:block / minecraft:deepslate_bricks]=Block{minecraft:deepslate_bricks}}, Reference{ResourceKey[minecraft:block / minecraft:deepslate_brick_stairs]=Block{minecraft:deepslate_brick_stairs}}, Reference{ResourceKey[minecraft:block / minecraft:deepslate_brick_slab]=Block{minecraft:deepslate_brick_slab}}, Reference{ResourceKey[minecraft:block / minecraft:chiseled_deepslate]=Block{minecraft:chiseled_deepslate}}, Reference{ResourceKey[minecraft:block / minecraft:cracked_deepslate_bricks]=Block{minecraft:cracked_deepslate_bricks}}, Reference{ResourceKey[minecraft:block / minecraft:cracked_deepslate_tiles]=Block{minecraft:cracked_deepslate_tiles}}, Reference{ResourceKey[minecraft:block / minecraft:smooth_basalt]=Block{minecraft:smooth_basalt}}, Reference{ResourceKey[minecraft:block / minecraft:raw_iron_block]=Block{minecraft:raw_iron_block}}, Reference{ResourceKey[minecraft:block / minecraft:raw_copper_block]=Block{minecraft:raw_copper_block}}, Reference{ResourceKey[minecraft:block / minecraft:raw_gold_block]=Block{minecraft:raw_gold_block}}, Reference{ResourceKey[minecraft:block / minecraft:ice]=Block{minecraft:ice}}, Reference{ResourceKey[minecraft:block / minecraft:packed_ice]=Block{minecraft:packed_ice}}, Reference{ResourceKey[minecraft:block / minecraft:blue_ice]=Block{minecraft:blue_ice}}, Reference{ResourceKey[minecraft:block / minecraft:piston]=Block{minecraft:piston}}, Reference{ResourceKey[minecraft:block / minecraft:sticky_piston]=Block{minecraft:sticky_piston}}, Reference{ResourceKey[minecraft:block / minecraft:piston_head]=Block{minecraft:piston_head}}, Reference{ResourceKey[minecraft:block / minecraft:amethyst_cluster]=Block{minecraft:amethyst_cluster}}, Reference{ResourceKey[minecraft:block / minecraft:small_amethyst_bud]=Block{minecraft:small_amethyst_bud}}, Reference{ResourceKey[minecraft:block / minecraft:medium_amethyst_bud]=Block{minecraft:medium_amethyst_bud}}, Reference{ResourceKey[minecraft:block / minecraft:large_amethyst_bud]=Block{minecraft:large_amethyst_bud}}, Reference{ResourceKey[minecraft:block / minecraft:amethyst_block]=Block{minecraft:amethyst_block}}, Reference{ResourceKey[minecraft:block / minecraft:budding_amethyst]=Block{minecraft:budding_amethyst}}, Reference{ResourceKey[minecraft:block / minecraft:infested_cobblestone]=Block{minecraft:infested_cobblestone}}, Reference{ResourceKey[minecraft:block / minecraft:infested_chiseled_stone_bricks]=Block{minecraft:infested_chiseled_stone_bricks}}, Reference{ResourceKey[minecraft:block / minecraft:infested_cracked_stone_bricks]=Block{minecraft:infested_cracked_stone_bricks}}, Reference{ResourceKey[minecraft:block / minecraft:infested_deepslate]=Block{minecraft:infested_deepslate}}, Reference{ResourceKey[minecraft:block / minecraft:infested_stone]=Block{minecraft:infested_stone}}, Reference{ResourceKey[minecraft:block / minecraft:infested_mossy_stone_bricks]=Block{minecraft:infested_mossy_stone_bricks}}, Reference{ResourceKey[minecraft:block / minecraft:infested_stone_bricks]=Block{minecraft:infested_stone_bricks}}, Reference{ResourceKey[minecraft:block / minecraft:stone_button]=Block{minecraft:stone_button}}, Reference{ResourceKey[minecraft:block / minecraft:polished_blackstone_button]=Block{minecraft:polished_blackstone_button}}, Reference{ResourceKey[minecraft:block / minecraft:cobblestone_wall]=Block{minecraft:cobblestone_wall}}, Reference{ResourceKey[minecraft:block / minecraft:mossy_cobblestone_wall]=Block{minecraft:mossy_cobblestone_wall}}, Reference{ResourceKey[minecraft:block / minecraft:brick_wall]=Block{minecraft:brick_wall}}, Reference{ResourceKey[minecraft:block / minecraft:prismarine_wall]=Block{minecraft:prismarine_wall}}, Reference{ResourceKey[minecraft:block / minecraft:red_sandstone_wall]=Block{minecraft:red_sandstone_wall}}, Reference{ResourceKey[minecraft:block / minecraft:mossy_stone_brick_wall]=Block{minecraft:mossy_stone_brick_wall}}, Reference{ResourceKey[minecraft:block / minecraft:granite_wall]=Block{minecraft:granite_wall}}, Reference{ResourceKey[minecraft:block / minecraft:stone_brick_wall]=Block{minecraft:stone_brick_wall}}, Reference{ResourceKey[minecraft:block / minecraft:nether_brick_wall]=Block{minecraft:nether_brick_wall}}, Reference{ResourceKey[minecraft:block / minecraft:andesite_wall]=Block{minecraft:andesite_wall}}, Reference{ResourceKey[minecraft:block / minecraft:red_nether_brick_wall]=Block{minecraft:red_nether_brick_wall}}, Reference{ResourceKey[minecraft:block / minecraft:sandstone_wall]=Block{minecraft:sandstone_wall}}, Reference{ResourceKey[minecraft:block / minecraft:end_stone_brick_wall]=Block{minecraft:end_stone_brick_wall}}, Reference{ResourceKey[minecraft:block / minecraft:diorite_wall]=Block{minecraft:diorite_wall}}, Reference{ResourceKey[minecraft:block / minecraft:blackstone_wall]=Block{minecraft:blackstone_wall}}, Reference{ResourceKey[minecraft:block / minecraft:polished_blackstone_brick_wall]=Block{minecraft:polished_blackstone_brick_wall}}, Reference{ResourceKey[minecraft:block / minecraft:polished_blackstone_wall]=Block{minecraft:polished_blackstone_wall}}, Reference{ResourceKey[minecraft:block / minecraft:cobbled_deepslate_wall]=Block{minecraft:cobbled_deepslate_wall}}, Reference{ResourceKey[minecraft:block / minecraft:polished_deepslate_wall]=Block{minecraft:polished_deepslate_wall}}, Reference{ResourceKey[minecraft:block / minecraft:deepslate_tile_wall]=Block{minecraft:deepslate_tile_wall}}, Reference{ResourceKey[minecraft:block / minecraft:deepslate_brick_wall]=Block{minecraft:deepslate_brick_wall}}, Reference{ResourceKey[minecraft:block / minecraft:mud_brick_wall]=Block{minecraft:mud_brick_wall}}, Reference{ResourceKey[minecraft:block / minecraft:tuff_wall]=Block{minecraft:tuff_wall}}, Reference{ResourceKey[minecraft:block / minecraft:polished_tuff_wall]=Block{minecraft:polished_tuff_wall}}, Reference{ResourceKey[minecraft:block / minecraft:tuff_brick_wall]=Block{minecraft:tuff_brick_wall}}, Reference{ResourceKey[minecraft:block / minecraft:shulker_box]=Block{minecraft:shulker_box}}, Reference{ResourceKey[minecraft:block / minecraft:black_shulker_box]=Block{minecraft:black_shulker_box}}, Reference{ResourceKey[minecraft:block / minecraft:blue_shulker_box]=Block{minecraft:blue_shulker_box}}, Reference{ResourceKey[minecraft:block / minecraft:brown_shulker_box]=Block{minecraft:brown_shulker_box}}, Reference{ResourceKey[minecraft:block / minecraft:cyan_shulker_box]=Block{minecraft:cyan_shulker_box}}, Reference{ResourceKey[minecraft:block / minecraft:gray_shulker_box]=Block{minecraft:gray_shulker_box}}, Reference{ResourceKey[minecraft:block / minecraft:green_shulker_box]=Block{minecraft:green_shulker_box}}, Reference{ResourceKey[minecraft:block / minecraft:light_blue_shulker_box]=Block{minecraft:light_blue_shulker_box}}, Reference{ResourceKey[minecraft:block / minecraft:light_gray_shulker_box]=Block{minecraft:light_gray_shulker_box}}, Reference{ResourceKey[minecraft:block / minecraft:lime_shulker_box]=Block{minecraft:lime_shulker_box}}, Reference{ResourceKey[minecraft:block / minecraft:magenta_shulker_box]=Block{minecraft:magenta_shulker_box}}, Reference{ResourceKey[minecraft:block / minecraft:orange_shulker_box]=Block{minecraft:orange_shulker_box}}, Reference{ResourceKey[minecraft:block / minecraft:pink_shulker_box]=Block{minecraft:pink_shulker_box}}, Reference{ResourceKey[minecraft:block / minecraft:purple_shulker_box]=Block{minecraft:purple_shulker_box}}, Reference{ResourceKey[minecraft:block / minecraft:red_shulker_box]=Block{minecraft:red_shulker_box}}, Reference{ResourceKey[minecraft:block / minecraft:white_shulker_box]=Block{minecraft:white_shulker_box}}, Reference{ResourceKey[minecraft:block / minecraft:yellow_shulker_box]=Block{minecraft:yellow_shulker_box}}, Reference{ResourceKey[minecraft:block / minecraft:anvil]=Block{minecraft:anvil}}, Reference{ResourceKey[minecraft:block / minecraft:chipped_anvil]=Block{minecraft:chipped_anvil}}, Reference{ResourceKey[minecraft:block / minecraft:damaged_anvil]=Block{minecraft:damaged_anvil}}, Reference{ResourceKey[minecraft:block / minecraft:cauldron]=Block{minecraft:cauldron}}, Reference{ResourceKey[minecraft:block / minecraft:water_cauldron]=Block{minecraft:water_cauldron}}, Reference{ResourceKey[minecraft:block / minecraft:lava_cauldron]=Block{minecraft:lava_cauldron}}, Reference{ResourceKey[minecraft:block / minecraft:powder_snow_cauldron]=Block{minecraft:powder_snow_cauldron}}, Reference{ResourceKey[minecraft:block / minecraft:rail]=Block{minecraft:rail}}, Reference{ResourceKey[minecraft:block / minecraft:powered_rail]=Block{minecraft:powered_rail}}, Reference{ResourceKey[minecraft:block / minecraft:detector_rail]=Block{minecraft:detector_rail}}, Reference{ResourceKey[minecraft:block / minecraft:activator_rail]=Block{minecraft:activator_rail}}, Reference{ResourceKey[minecraft:block / minecraft:conduit]=Block{minecraft:conduit}}, Reference{ResourceKey[minecraft:block / minecraft:mud_bricks]=Block{minecraft:mud_bricks}}, Reference{ResourceKey[minecraft:block / minecraft:mud_brick_stairs]=Block{minecraft:mud_brick_stairs}}, Reference{ResourceKey[minecraft:block / minecraft:mud_brick_slab]=Block{minecraft:mud_brick_slab}}, Reference{ResourceKey[minecraft:block / minecraft:packed_mud]=Block{minecraft:packed_mud}}, Reference{ResourceKey[minecraft:block / minecraft:crafter]=Block{minecraft:crafter}}, Reference{ResourceKey[minecraft:block / minecraft:tuff_slab]=Block{minecraft:tuff_slab}}, Reference{ResourceKey[minecraft:block / minecraft:tuff_stairs]=Block{minecraft:tuff_stairs}}, Reference{ResourceKey[minecraft:block / minecraft:chiseled_tuff]=Block{minecraft:chiseled_tuff}}, Reference{ResourceKey[minecraft:block / minecraft:polished_tuff]=Block{minecraft:polished_tuff}}, Reference{ResourceKey[minecraft:block / minecraft:polished_tuff_slab]=Block{minecraft:polished_tuff_slab}}, Reference{ResourceKey[minecraft:block / minecraft:polished_tuff_stairs]=Block{minecraft:polished_tuff_stairs}}, Reference{ResourceKey[minecraft:block / minecraft:tuff_bricks]=Block{minecraft:tuff_bricks}}, Reference{ResourceKey[minecraft:block / minecraft:tuff_brick_slab]=Block{minecraft:tuff_brick_slab}}, Reference{ResourceKey[minecraft:block / minecraft:tuff_brick_stairs]=Block{minecraft:tuff_brick_stairs}}, Reference{ResourceKey[minecraft:block / minecraft:chiseled_tuff_bricks]=Block{minecraft:chiseled_tuff_bricks}}, Reference{ResourceKey[minecraft:block / minecraft:chiseled_copper]=Block{minecraft:chiseled_copper}}, Reference{ResourceKey[minecraft:block / minecraft:exposed_chiseled_copper]=Block{minecraft:exposed_chiseled_copper}}, Reference{ResourceKey[minecraft:block / minecraft:weathered_chiseled_copper]=Block{minecraft:weathered_chiseled_copper}}, Reference{ResourceKey[minecraft:block / minecraft:oxidized_chiseled_copper]=Block{minecraft:oxidized_chiseled_copper}}, Reference{ResourceKey[minecraft:block / minecraft:waxed_chiseled_copper]=Block{minecraft:waxed_chiseled_copper}}, Reference{ResourceKey[minecraft:block / minecraft:waxed_exposed_chiseled_copper]=Block{minecraft:waxed_exposed_chiseled_copper}}, Reference{ResourceKey[minecraft:block / minecraft:waxed_weathered_chiseled_copper]=Block{minecraft:waxed_weathered_chiseled_copper}}, Reference{ResourceKey[minecraft:block / minecraft:waxed_oxidized_chiseled_copper]=Block{minecraft:waxed_oxidized_chiseled_copper}}, Reference{ResourceKey[minecraft:block / minecraft:copper_grate]=Block{minecraft:copper_grate}}, Reference{ResourceKey[minecraft:block / minecraft:exposed_copper_grate]=Block{minecraft:exposed_copper_grate}}, Reference{ResourceKey[minecraft:block / minecraft:weathered_copper_grate]=Block{minecraft:weathered_copper_grate}}, Reference{ResourceKey[minecraft:block / minecraft:oxidized_copper_grate]=Block{minecraft:oxidized_copper_grate}}, Reference{ResourceKey[minecraft:block / minecraft:waxed_copper_grate]=Block{minecraft:waxed_copper_grate}}, Reference{ResourceKey[minecraft:block / minecraft:waxed_exposed_copper_grate]=Block{minecraft:waxed_exposed_copper_grate}}, Reference{ResourceKey[minecraft:block / minecraft:waxed_weathered_copper_grate]=Block{minecraft:waxed_weathered_copper_grate}}, Reference{ResourceKey[minecraft:block / minecraft:waxed_oxidized_copper_grate]=Block{minecraft:waxed_oxidized_copper_grate}}, Reference{ResourceKey[minecraft:block / minecraft:copper_bulb]=Block{minecraft:copper_bulb}}, Reference{ResourceKey[minecraft:block / minecraft:exposed_copper_bulb]=Block{minecraft:exposed_copper_bulb}}, Reference{ResourceKey[minecraft:block / minecraft:weathered_copper_bulb]=Block{minecraft:weathered_copper_bulb}}, Reference{ResourceKey[minecraft:block / minecraft:oxidized_copper_bulb]=Block{minecraft:oxidized_copper_bulb}}, Reference{ResourceKey[minecraft:block / minecraft:waxed_copper_bulb]=Block{minecraft:waxed_copper_bulb}}, Reference{ResourceKey[minecraft:block / minecraft:waxed_exposed_copper_bulb]=Block{minecraft:waxed_exposed_copper_bulb}}, Reference{ResourceKey[minecraft:block / minecraft:waxed_weathered_copper_bulb]=Block{minecraft:waxed_weathered_copper_bulb}}, Reference{ResourceKey[minecraft:block / minecraft:waxed_oxidized_copper_bulb]=Block{minecraft:waxed_oxidized_copper_bulb}}, Reference{ResourceKey[minecraft:block / minecraft:copper_door]=Block{minecraft:copper_door}}, Reference{ResourceKey[minecraft:block / minecraft:exposed_copper_door]=Block{minecraft:exposed_copper_door}}, Reference{ResourceKey[minecraft:block / minecraft:weathered_copper_door]=Block{minecraft:weathered_copper_door}}, Reference{ResourceKey[minecraft:block / minecraft:oxidized_copper_door]=Block{minecraft:oxidized_copper_door}}, Reference{ResourceKey[minecraft:block / minecraft:waxed_copper_door]=Block{minecraft:waxed_copper_door}}, Reference{ResourceKey[minecraft:block / minecraft:waxed_exposed_copper_door]=Block{minecraft:waxed_exposed_copper_door}}, Reference{ResourceKey[minecraft:block / minecraft:waxed_weathered_copper_door]=Block{minecraft:waxed_weathered_copper_door}}, Reference{ResourceKey[minecraft:block / minecraft:waxed_oxidized_copper_door]=Block{minecraft:waxed_oxidized_copper_door}}, Reference{ResourceKey[minecraft:block / minecraft:copper_trapdoor]=Block{minecraft:copper_trapdoor}}, Reference{ResourceKey[minecraft:block / minecraft:exposed_copper_trapdoor]=Block{minecraft:exposed_copper_trapdoor}}, Reference{ResourceKey[minecraft:block / minecraft:weathered_copper_trapdoor]=Block{minecraft:weathered_copper_trapdoor}}, Reference{ResourceKey[minecraft:block / minecraft:oxidized_copper_trapdoor]=Block{minecraft:oxidized_copper_trapdoor}}, Reference{ResourceKey[minecraft:block / minecraft:waxed_copper_trapdoor]=Block{minecraft:waxed_copper_trapdoor}}, Reference{ResourceKey[minecraft:block / minecraft:waxed_exposed_copper_trapdoor]=Block{minecraft:waxed_exposed_copper_trapdoor}}, Reference{ResourceKey[minecraft:block / minecraft:waxed_weathered_copper_trapdoor]=Block{minecraft:waxed_weathered_copper_trapdoor}}, Reference{ResourceKey[minecraft:block / minecraft:waxed_oxidized_copper_trapdoor]=Block{minecraft:waxed_oxidized_copper_trapdoor}}, Reference{ResourceKey[minecraft:block / minecraft:heavy_core]=Block{minecraft:heavy_core}}, Reference{ResourceKey[minecraft:block / britannia_mod:custom_sandstone_brick]=Block{britannia_mod:custom_sandstone_brick}}, Reference{ResourceKey[minecraft:block / britannia_mod:custom_sandstone_brick_stairs_0]=Block{britannia_mod:custom_sandstone_brick_stairs_0}}, Reference{ResourceKey[minecraft:block / britannia_mod:custom_sandstone_brick_stairs_1]=Block{britannia_mod:custom_sandstone_brick_stairs_1}}, Reference{ResourceKey[minecraft:block / britannia_mod:custom_sandstone_brick_stairs_2]=Block{britannia_mod:custom_sandstone_brick_stairs_2}}, Reference{ResourceKey[minecraft:block / britannia_mod:custom_sandstone_brick_stairs_3]=Block{britannia_mod:custom_sandstone_brick_stairs_3}}, Reference{ResourceKey[minecraft:block / britannia_mod:light_sandstone_paver]=Block{britannia_mod:light_sandstone_paver}}, Reference{ResourceKey[minecraft:block / britannia_mod:dark_sandstone_paver]=Block{britannia_mod:dark_sandstone_paver}}, Reference{ResourceKey[minecraft:block / britannia_mod:slate_roof_flat]=Block{britannia_mod:slate_roof_flat}}, Reference{ResourceKey[minecraft:block / britannia_mod:sandstone_roof]=Block{britannia_mod:sandstone_roof}}, Reference{ResourceKey[minecraft:block / britannia_mod:limestone_roof]=Block{britannia_mod:limestone_roof}}, Reference{ResourceKey[minecraft:block / britannia_mod:ornate_sandstone_wall]=Block{britannia_mod:ornate_sandstone_wall}}, Reference{ResourceKey[minecraft:block / britannia_mod:regular_sandstone_wall]=Block{britannia_mod:regular_sandstone_wall}}, Reference{ResourceKey[minecraft:block / britannia_mod:sandstone_block_wall]=Block{britannia_mod:sandstone_block_wall}}, Reference{ResourceKey[minecraft:block / britannia_mod:ornate_sandstone_window]=Block{britannia_mod:ornate_sandstone_window}}, Reference{ResourceKey[minecraft:block / britannia_mod:sandstone_window]=Block{britannia_mod:sandstone_window}}, Reference{ResourceKey[minecraft:block / britannia_mod:sandstone_post]=Block{britannia_mod:sandstone_post}}, Reference{ResourceKey[minecraft:block / britannia_mod:ornate_sandstone_post]=Block{britannia_mod:ornate_sandstone_post}}, Reference{ResourceKey[minecraft:block / britannia_mod:sandstone_battlement]=Block{britannia_mod:sandstone_battlement}}, Reference{ResourceKey[minecraft:block / britannia_mod:sandstone_column]=Block{britannia_mod:sandstone_column}}, Reference{ResourceKey[minecraft:block / britannia_mod:pewter_mug]=Block{britannia_mod:pewter_mug}}, Reference{ResourceKey[minecraft:block / britannia_mod:kettle]=Block{britannia_mod:kettle}}, Reference{ResourceKey[minecraft:block / britannia_mod:plates_and_silverware]=Block{britannia_mod:plates_and_silverware}}, Reference{ResourceKey[minecraft:block / britannia_mod:fountain]=Block{britannia_mod:fountain}}, Reference{ResourceKey[minecraft:block / britannia_mod:water_well]=Block{britannia_mod:water_well}}, Reference{ResourceKey[minecraft:block / britannia_mod:brick_foundation_oak]=Block{britannia_mod:brick_foundation_oak}}, Reference{ResourceKey[minecraft:block / britannia_mod:brick_foundation_spruce]=Block{britannia_mod:brick_foundation_spruce}}, Reference{ResourceKey[minecraft:block / britannia_mod:brick_foundation_sandstone]=Block{britannia_mod:brick_foundation_sandstone}}, Reference{ResourceKey[minecraft:block / britannia_mod:brick_foundation_dark_sandstone]=Block{britannia_mod:brick_foundation_dark_sandstone}}, Reference{ResourceKey[minecraft:block / britannia_mod:brick_foundation_flagstone]=Block{britannia_mod:brick_foundation_flagstone}}, Reference{ResourceKey[minecraft:block / britannia_mod:flagstone]=Block{britannia_mod:flagstone}}]], speed=Optional[6.0], correctForDrops=Optional[true]]], defaultMiningSpeed=1.0, damagePerBlock=1], minecraft:repair_cost=>0, minecraft:rarity=>COMMON, minecraft:max_stack_size=>1, minecraft:attribute_modifiers=>ItemAttributeModifiers[modifiers=[], showInTooltip=true], minecraft:max_damage=>250, minecraft:enchantments=>ItemEnchantments{enchantments={}, showInTooltip=true}, minecraft:lore=>ItemLore[lines=[], styledLines=[]]}
[10:21:10] [Server thread/INFO] [co.se.br.ev.ChestHandler/]: Validated ItemStack with components: {minecraft:custom_name=>literal{Ordinary Fishing Rod}, minecraft:repair_cost=>0, minecraft:rarity=>COMMON, minecraft:max_stack_size=>1, minecraft:attribute_modifiers=>ItemAttributeModifiers[modifiers=[], showInTooltip=true], minecraft:max_damage=>64, minecraft:damage=>0, minecraft:enchantments=>ItemEnchantments{enchantments={}, showInTooltip=true}, minecraft:lore=>ItemLore[lines=[], styledLines=[]]}
[10:21:10] [Server thread/INFO] [co.se.br.ev.ChestHandler/]: Chest at BlockPos{x=5161, y=72, z=4317} initialized with Ordinary Fishing Rod facing east
[10:21:10] [Server thread/INFO] [co.se.br.ev.ChestHandler/]: Validated ItemStack with components: {minecraft:custom_data=>{Material:"iron",Quality:1}, minecraft:custom_name=>literal{A rusted Iron Pickaxe}, minecraft:damage=>125, minecraft:tool=>Tool[rules=[Rule[blocks=NamedSet(TagKey[minecraft:block / minecraft:mineable/pickaxe])[[Reference{ResourceKey[minecraft:block / minecraft:stone]=Block{minecraft:stone}}, Reference{ResourceKey[minecraft:block / minecraft:granite]=Block{minecraft:granite}}, Reference{ResourceKey[minecraft:block / minecraft:polished_granite]=Block{minecraft:polished_granite}}, Reference{ResourceKey[minecraft:block / minecraft:diorite]=Block{minecraft:diorite}}, Reference{ResourceKey[minecraft:block / minecraft:polished_diorite]=Block{minecraft:polished_diorite}}, Reference{ResourceKey[minecraft:block / minecraft:andesite]=Block{minecraft:andesite}}, Reference{ResourceKey[minecraft:block / minecraft:polished_andesite]=Block{minecraft:polished_andesite}}, Reference{ResourceKey[minecraft:block / minecraft:cobblestone]=Block{minecraft:cobblestone}}, Reference{ResourceKey[minecraft:block / minecraft:gold_ore]=Block{minecraft:gold_ore}}, Reference{ResourceKey[minecraft:block / minecraft:deepslate_gold_ore]=Block{minecraft:deepslate_gold_ore}}, Reference{ResourceKey[minecraft:block / minecraft:iron_ore]=Block{minecraft:iron_ore}}, Reference{ResourceKey[minecraft:block / minecraft:deepslate_iron_ore]=Block{minecraft:deepslate_iron_ore}}, Reference{ResourceKey[minecraft:block / minecraft:coal_ore]=Block{minecraft:coal_ore}}, Reference{ResourceKey[minecraft:block / minecraft:deepslate_coal_ore]=Block{minecraft:deepslate_coal_ore}}, Reference{ResourceKey[minecraft:block / minecraft:nether_gold_ore]=Block{minecraft:nether_gold_ore}}, Reference{ResourceKey[minecraft:block / minecraft:lapis_ore]=Block{minecraft:lapis_ore}}, Reference{ResourceKey[minecraft:block / minecraft:deepslate_lapis_ore]=Block{minecraft:deepslate_lapis_ore}}, Reference{ResourceKey[minecraft:block / minecraft:lapis_block]=Block{minecraft:lapis_block}}, Reference{ResourceKey[minecraft:block / minecraft:dispenser]=Block{minecraft:dispenser}}, Reference{ResourceKey[minecraft:block / minecraft:sandstone]=Block{minecraft:sandstone}}, Reference{ResourceKey[minecraft:block / minecraft:chiseled_sandstone]=Block{minecraft:chiseled_sandstone}}, Reference{ResourceKey[minecraft:block / minecraft:cut_sandstone]=Block{minecraft:cut_sandstone}}, Reference{ResourceKey[minecraft:block / minecraft:gold_block]=Block{minecraft:gold_block}}, Reference{ResourceKey[minecraft:block / minecraft:iron_block]=Block{minecraft:iron_block}}, Reference{ResourceKey[minecraft:block / minecraft:bricks]=Block{minecraft:bricks}}, Reference{ResourceKey[minecraft:block / minecraft:mossy_cobblestone]=Block{minecraft:mossy_cobblestone}}, Reference{ResourceKey[minecraft:block / minecraft:obsidian]=Block{minecraft:obsidian}}, Reference{ResourceKey[minecraft:block / minecraft:spawner]=Block{minecraft:spawner}}, Reference{ResourceKey[minecraft:block / minecraft:diamond_ore]=Block{minecraft:diamond_ore}}, Reference{ResourceKey[minecraft:block / minecraft:deepslate_diamond_ore]=Block{minecraft:deepslate_diamond_ore}}, Reference{ResourceKey[minecraft:block / minecraft:diamond_block]=Block{minecraft:diamond_block}}, Reference{ResourceKey[minecraft:block / minecraft:furnace]=Block{minecraft:furnace}}, Reference{ResourceKey[minecraft:block / minecraft:cobblestone_stairs]=Block{minecraft:cobblestone_stairs}}, Reference{ResourceKey[minecraft:block / minecraft:stone_pressure_plate]=Block{minecraft:stone_pressure_plate}}, Reference{ResourceKey[minecraft:block / minecraft:iron_door]=Block{minecraft:iron_door}}, Reference{ResourceKey[minecraft:block / minecraft:redstone_ore]=Block{minecraft:redstone_ore}}, Reference{ResourceKey[minecraft:block / minecraft:deepslate_redstone_ore]=Block{minecraft:deepslate_redstone_ore}}, Reference{ResourceKey[minecraft:block / minecraft:netherrack]=Block{minecraft:netherrack}}, Reference{ResourceKey[minecraft:block / minecraft:basalt]=Block{minecraft:basalt}}, Reference{ResourceKey[minecraft:block / minecraft:polished_basalt]=Block{minecraft:polished_basalt}}, Reference{ResourceKey[minecraft:block / minecraft:stone_bricks]=Block{minecraft:stone_bricks}}, Reference{ResourceKey[minecraft:block / minecraft:mossy_stone_bricks]=Block{minecraft:mossy_stone_bricks}}, Reference{ResourceKey[minecraft:block / minecraft:cracked_stone_bricks]=Block{minecraft:cracked_stone_bricks}}, Reference{ResourceKey[minecraft:block / minecraft:chiseled_stone_bricks]=Block{minecraft:chiseled_stone_bricks}}, Reference{ResourceKey[minecraft:block / minecraft:iron_bars]=Block{minecraft:iron_bars}}, Reference{ResourceKey[minecraft:block / minecraft:chain]=Block{minecraft:chain}}, Reference{ResourceKey[minecraft:block / minecraft:brick_stairs]=Block{minecraft:brick_stairs}}, Reference{ResourceKey[minecraft:block / minecraft:stone_brick_stairs]=Block{minecraft:stone_brick_stairs}}, Reference{ResourceKey[minecraft:block / minecraft:nether_bricks]=Block{minecraft:nether_bricks}}, Reference{ResourceKey[minecraft:block / minecraft:nether_brick_fence]=Block{minecraft:nether_brick_fence}}, Reference{ResourceKey[minecraft:block / minecraft:nether_brick_stairs]=Block{minecraft:nether_brick_stairs}}, Reference{ResourceKey[minecraft:block / minecraft:enchanting_table]=Block{minecraft:enchanting_table}}, Reference{ResourceKey[minecraft:block / minecraft:brewing_stand]=Block{minecraft:brewing_stand}}, Reference{ResourceKey[minecraft:block / minecraft:end_stone]=Block{minecraft:end_stone}}, Reference{ResourceKey[minecraft:block / minecraft:sandstone_stairs]=Block{minecraft:sandstone_stairs}}, Reference{ResourceKey[minecraft:block / minecraft:emerald_ore]=Block{minecraft:emerald_ore}}, Reference{ResourceKey[minecraft:block / minecraft:deepslate_emerald_ore]=Block{minecraft:deepslate_emerald_ore}}, Reference{ResourceKey[minecraft:block / minecraft:ender_chest]=Block{minecraft:ender_chest}}, Reference{ResourceKey[minecraft:block / minecraft:emerald_block]=Block{minecraft:emerald_block}}, Reference{ResourceKey[minecraft:block / minecraft:light_weighted_pressure_plate]=Block{minecraft:light_weighted_pressure_plate}}, Reference{ResourceKey[minecraft:block / minecraft:heavy_weighted_pressure_plate]=Block{minecraft:heavy_weighted_pressure_plate}}, Reference{ResourceKey[minecraft:block / minecraft:redstone_block]=Block{minecraft:redstone_block}}, Reference{ResourceKey[minecraft:block / minecraft:nether_quartz_ore]=Block{minecraft:nether_quartz_ore}}, Reference{ResourceKey[minecraft:block / minecraft:hopper]=Block{minecraft:hopper}}, Reference{ResourceKey[minecraft:block / minecraft:quartz_block]=Block{minecraft:quartz_block}}, Reference{ResourceKey[minecraft:block / minecraft:chiseled_quartz_block]=Block{minecraft:chiseled_quartz_block}}, Reference{ResourceKey[minecraft:block / minecraft:quartz_pillar]=Block{minecraft:quartz_pillar}}, Reference{ResourceKey[minecraft:block / minecraft:quartz_stairs]=Block{minecraft:quartz_stairs}}, Reference{ResourceKey[minecraft:block / minecraft:dropper]=Block{minecraft:dropper}}, Reference{ResourceKey[minecraft:block / minecraft:white_terracotta]=Block{minecraft:white_terracotta}}, Reference{ResourceKey[minecraft:block / minecraft:orange_terracotta]=Block{minecraft:orange_terracotta}}, Reference{ResourceKey[minecraft:block / minecraft:magenta_terracotta]=Block{minecraft:magenta_terracotta}}, Reference{ResourceKey[minecraft:block / minecraft:light_blue_terracotta]=Block{minecraft:light_blue_terracotta}}, Reference{ResourceKey[minecraft:block / minecraft:yellow_terracotta]=Block{minecraft:yellow_terracotta}}, Reference{ResourceKey[minecraft:block / minecraft:lime_terracotta]=Block{minecraft:lime_terracotta}}, Reference{ResourceKey[minecraft:block / minecraft:pink_terracotta]=Block{minecraft:pink_terracotta}}, Reference{ResourceKey[minecraft:block / minecraft:gray_terracotta]=Block{minecraft:gray_terracotta}}, Reference{ResourceKey[minecraft:block / minecraft:light_gray_terracotta]=Block{minecraft:light_gray_terracotta}}, Reference{ResourceKey[minecraft:block / minecraft:cyan_terracotta]=Block{minecraft:cyan_terracotta}}, Reference{ResourceKey[minecraft:block / minecraft:purple_terracotta]=Block{minecraft:purple_terracotta}}, Reference{ResourceKey[minecraft:block / minecraft:blue_terracotta]=Block{minecraft:blue_terracotta}}, Reference{ResourceKey[minecraft:block / minecraft:brown_terracotta]=Block{minecraft:brown_terracotta}}, Reference{ResourceKey[minecraft:block / minecraft:green_terracotta]=Block{minecraft:green_terracotta}}, Reference{ResourceKey[minecraft:block / minecraft:red_terracotta]=Block{minecraft:red_terracotta}}, Reference{ResourceKey[minecraft:block / minecraft:black_terracotta]=Block{minecraft:black_terracotta}}, Reference{ResourceKey[minecraft:block / minecraft:iron_trapdoor]=Block{minecraft:iron_trapdoor}}, Reference{ResourceKey[minecraft:block / minecraft:prismarine]=Block{minecraft:prismarine}}, Reference{ResourceKey[minecraft:block / minecraft:prismarine_bricks]=Block{minecraft:prismarine_bricks}}, Reference{ResourceKey[minecraft:block / minecraft:dark_prismarine]=Block{minecraft:dark_prismarine}}, Reference{ResourceKey[minecraft:block / minecraft:prismarine_stairs]=Block{minecraft:prismarine_stairs}}, Reference{ResourceKey[minecraft:block / minecraft:prismarine_brick_stairs]=Block{minecraft:prismarine_brick_stairs}}, Reference{ResourceKey[minecraft:block / minecraft:dark_prismarine_stairs]=Block{minecraft:dark_prismarine_stairs}}, Reference{ResourceKey[minecraft:block / minecraft:prismarine_slab]=Block{minecraft:prismarine_slab}}, Reference{ResourceKey[minecraft:block / minecraft:prismarine_brick_slab]=Block{minecraft:prismarine_brick_slab}}, Reference{ResourceKey[minecraft:block / minecraft:dark_prismarine_slab]=Block{minecraft:dark_prismarine_slab}}, Reference{ResourceKey[minecraft:block / minecraft:terracotta]=Block{minecraft:terracotta}}, Reference{ResourceKey[minecraft:block / minecraft:coal_block]=Block{minecraft:coal_block}}, Reference{ResourceKey[minecraft:block / minecraft:red_sandstone]=Block{minecraft:red_sandstone}}, Reference{ResourceKey[minecraft:block / minecraft:chiseled_red_sandstone]=Block{minecraft:chiseled_red_sandstone}}, Reference{ResourceKey[minecraft:block / minecraft:cut_red_sandstone]=Block{minecraft:cut_red_sandstone}}, Reference{ResourceKey[minecraft:block / minecraft:red_sandstone_stairs]=Block{minecraft:red_sandstone_stairs}}, Reference{ResourceKey[minecraft:block / minecraft:stone_slab]=Block{minecraft:stone_slab}}, Reference{ResourceKey[minecraft:block / minecraft:smooth_stone_slab]=Block{minecraft:smooth_stone_slab}}, Reference{ResourceKey[minecraft:block / minecraft:sandstone_slab]=Block{minecraft:sandstone_slab}}, Reference{ResourceKey[minecraft:block / minecraft:cut_sandstone_slab]=Block{minecraft:cut_sandstone_slab}}, Reference{ResourceKey[minecraft:block / minecraft:petrified_oak_slab]=Block{minecraft:petrified_oak_slab}}, Reference{ResourceKey[minecraft:block / minecraft:cobblestone_slab]=Block{minecraft:cobblestone_slab}}, Reference{ResourceKey[minecraft:block / minecraft:brick_slab]=Block{minecraft:brick_slab}}, Reference{ResourceKey[minecraft:block / minecraft:stone_brick_slab]=Block{minecraft:stone_brick_slab}}, Reference{ResourceKey[minecraft:block / minecraft:nether_brick_slab]=Block{minecraft:nether_brick_slab}}, Reference{ResourceKey[minecraft:block / minecraft:quartz_slab]=Block{minecraft:quartz_slab}}, Reference{ResourceKey[minecraft:block / minecraft:red_sandstone_slab]=Block{minecraft:red_sandstone_slab}}, Reference{ResourceKey[minecraft:block / minecraft:cut_red_sandstone_slab]=Block{minecraft:cut_red_sandstone_slab}}, Reference{ResourceKey[minecraft:block / minecraft:purpur_slab]=Block{minecraft:purpur_slab}}, Reference{ResourceKey[minecraft:block / minecraft:smooth_stone]=Block{minecraft:smooth_stone}}, Reference{ResourceKey[minecraft:block / minecraft:smooth_sandstone]=Block{minecraft:smooth_sandstone}}, Reference{ResourceKey[minecraft:block / minecraft:smooth_quartz]=Block{minecraft:smooth_quartz}}, Reference{ResourceKey[minecraft:block / minecraft:smooth_red_sandstone]=Block{minecraft:smooth_red_sandstone}}, Reference{ResourceKey[minecraft:block / minecraft:purpur_block]=Block{minecraft:purpur_block}}, Reference{ResourceKey[minecraft:block / minecraft:purpur_pillar]=Block{minecraft:purpur_pillar}}, Reference{ResourceKey[minecraft:block / minecraft:purpur_stairs]=Block{minecraft:purpur_stairs}}, Reference{ResourceKey[minecraft:block / minecraft:end_stone_bricks]=Block{minecraft:end_stone_bricks}}, Reference{ResourceKey[minecraft:block / minecraft:magma_block]=Block{minecraft:magma_block}}, Reference{ResourceKey[minecraft:block / minecraft:red_nether_bricks]=Block{minecraft:red_nether_bricks}}, Reference{ResourceKey[minecraft:block / minecraft:bone_block]=Block{minecraft:bone_block}}, Reference{ResourceKey[minecraft:block / minecraft:observer]=Block{minecraft:observer}}, Reference{ResourceKey[minecraft:block / minecraft:white_glazed_terracotta]=Block{minecraft:white_glazed_terracotta}}, Reference{ResourceKey[minecraft:block / minecraft:orange_glazed_terracotta]=Block{minecraft:orange_glazed_terracotta}}, Reference{ResourceKey[minecraft:block / minecraft:magenta_glazed_terracotta]=Block{minecraft:magenta_glazed_terracotta}}, Reference{ResourceKey[minecraft:block / minecraft:light_blue_glazed_terracotta]=Block{minecraft:light_blue_glazed_terracotta}}, Reference{ResourceKey[minecraft:block / minecraft:yellow_glazed_terracotta]=Block{minecraft:yellow_glazed_terracotta}}, Reference{ResourceKey[minecraft:block / minecraft:lime_glazed_terracotta]=Block{minecraft:lime_glazed_terracotta}}, Reference{ResourceKey[minecraft:block / minecraft:pink_glazed_terracotta]=Block{minecraft:pink_glazed_terracotta}}, Reference{ResourceKey[minecraft:block / minecraft:gray_glazed_terracotta]=Block{minecraft:gray_glazed_terracotta}}, Reference{ResourceKey[minecraft:block / minecraft:light_gray_glazed_terracotta]=Block{minecraft:light_gray_glazed_terracotta}}, Reference{ResourceKey[minecraft:block / minecraft:cyan_glazed_terracotta]=Block{minecraft:cyan_glazed_terracotta}}, Reference{ResourceKey[minecraft:block / minecraft:purple_glazed_terracotta]=Block{minecraft:purple_glazed_terracotta}}, Reference{ResourceKey[minecraft:block / minecraft:blue_glazed_terracotta]=Block{minecraft:blue_glazed_terracotta}}, Reference{ResourceKey[minecraft:block / minecraft:brown_glazed_terracotta]=Block{minecraft:brown_glazed_terracotta}}, Reference{ResourceKey[minecraft:block / minecraft:green_glazed_terracotta]=Block{minecraft:green_glazed_terracotta}}, Reference{ResourceKey[minecraft:block / minecraft:red_glazed_terracotta]=Block{minecraft:red_glazed_terracotta}}, Reference{ResourceKey[minecraft:block / minecraft:black_glazed_terracotta]=Block{minecraft:black_glazed_terracotta}}, Reference{ResourceKey[minecraft:block / minecraft:white_concrete]=Block{minecraft:white_concrete}}, Reference{ResourceKey[minecraft:block / minecraft:orange_concrete]=Block{minecraft:orange_concrete}}, Reference{ResourceKey[minecraft:block / minecraft:magenta_concrete]=Block{minecraft:magenta_concrete}}, Reference{ResourceKey[minecraft:block / minecraft:light_blue_concrete]=Block{minecraft:light_blue_concrete}}, Reference{ResourceKey[minecraft:block / minecraft:yellow_concrete]=Block{minecraft:yellow_concrete}}, Reference{ResourceKey[minecraft:block / minecraft:lime_concrete]=Block{minecraft:lime_concrete}}, Reference{ResourceKey[minecraft:block / minecraft:pink_concrete]=Block{minecraft:pink_concrete}}, Reference{ResourceKey[minecraft:block / minecraft:gray_concrete]=Block{minecraft:gray_concrete}}, Reference{ResourceKey[minecraft:block / minecraft:light_gray_concrete]=Block{minecraft:light_gray_concrete}}, Reference{ResourceKey[minecraft:block / minecraft:cyan_concrete]=Block{minecraft:cyan_concrete}}, Reference{ResourceKey[minecraft:block / minecraft:purple_concrete]=Block{minecraft:purple_concrete}}, Reference{ResourceKey[minecraft:block / minecraft:blue_concrete]=Block{minecraft:blue_concrete}}, Reference{ResourceKey[minecraft:block / minecraft:brown_concrete]=Block{minecraft:brown_concrete}}, Reference{ResourceKey[minecraft:block / minecraft:green_concrete]=Block{minecraft:green_concrete}}, Reference{ResourceKey[minecraft:block / minecraft:red_concrete]=Block{minecraft:red_concrete}}, Reference{ResourceKey[minecraft:block / minecraft:black_concrete]=Block{minecraft:black_concrete}}, Reference{ResourceKey[minecraft:block / minecraft:dead_tube_coral_block]=Block{minecraft:dead_tube_coral_block}}, Reference{ResourceKey[minecraft:block / minecraft:dead_brain_coral_block]=Block{minecraft:dead_brain_coral_block}}, Reference{ResourceKey[minecraft:block / minecraft:dead_bubble_coral_block]=Block{minecraft:dead_bubble_coral_block}}, Reference{ResourceKey[minecraft:block / minecraft:dead_fire_coral_block]=Block{minecraft:dead_fire_coral_block}}, Reference{ResourceKey[minecraft:block / minecraft:dead_horn_coral_block]=Block{minecraft:dead_horn_coral_block}}, Reference{ResourceKey[minecraft:block / minecraft:tube_coral_block]=Block{minecraft:tube_coral_block}}, Reference{ResourceKey[minecraft:block / minecraft:brain_coral_block]=Block{minecraft:brain_coral_block}}, Reference{ResourceKey[minecraft:block / minecraft:bubble_coral_block]=Block{minecraft:bubble_coral_block}}, Reference{ResourceKey[minecraft:block / minecraft:fire_coral_block]=Block{minecraft:fire_coral_block}}, Reference{ResourceKey[minecraft:block / minecraft:horn_coral_block]=Block{minecraft:horn_coral_block}}, Reference{ResourceKey[minecraft:block / minecraft:dead_tube_coral]=Block{minecraft:dead_tube_coral}}, Reference{ResourceKey[minecraft:block / minecraft:dead_brain_coral]=Block{minecraft:dead_brain_coral}}, Reference{ResourceKey[minecraft:block / minecraft:dead_bubble_coral]=Block{minecraft:dead_bubble_coral}}, Reference{ResourceKey[minecraft:block / minecraft:dead_fire_coral]=Block{minecraft:dead_fire_coral}}, Reference{ResourceKey[minecraft:block / minecraft:dead_horn_coral]=Block{minecraft:dead_horn_coral}}, Reference{ResourceKey[minecraft:block / minecraft:dead_tube_coral_fan]=Block{minecraft:dead_tube_coral_fan}}, Reference{ResourceKey[minecraft:block / minecraft:dead_brain_coral_fan]=Block{minecraft:dead_brain_coral_fan}}, Reference{ResourceKey[minecraft:block / minecraft:dead_bubble_coral_fan]=Block{minecraft:dead_bubble_coral_fan}}, Reference{ResourceKey[minecraft:block / minecraft:dead_fire_coral_fan]=Block{minecraft:dead_fire_coral_fan}}, Reference{ResourceKey[minecraft:block / minecraft:dead_horn_coral_fan]=Block{minecraft:dead_horn_coral_fan}}, Reference{ResourceKey[minecraft:block / minecraft:dead_tube_coral_wall_fan]=Block{minecraft:dead_tube_coral_wall_fan}}, Reference{ResourceKey[minecraft:block / minecraft:dead_brain_coral_wall_fan]=Block{minecraft:dead_brain_coral_wall_fan}}, Reference{ResourceKey[minecraft:block / minecraft:dead_bubble_coral_wall_fan]=Block{minecraft:dead_bubble_coral_wall_fan}}, Reference{ResourceKey[minecraft:block / minecraft:dead_fire_coral_wall_fan]=Block{minecraft:dead_fire_coral_wall_fan}}, Reference{ResourceKey[minecraft:block / minecraft:dead_horn_coral_wall_fan]=Block{minecraft:dead_horn_coral_wall_fan}}, Reference{ResourceKey[minecraft:block / minecraft:polished_granite_stairs]=Block{minecraft:polished_granite_stairs}}, Reference{ResourceKey[minecraft:block / minecraft:smooth_red_sandstone_stairs]=Block{minecraft:smooth_red_sandstone_stairs}}, Reference{ResourceKey[minecraft:block / minecraft:mossy_stone_brick_stairs]=Block{minecraft:mossy_stone_brick_stairs}}, Reference{ResourceKey[minecraft:block / minecraft:polished_diorite_stairs]=Block{minecraft:polished_diorite_stairs}}, Reference{ResourceKey[minecraft:block / minecraft:mossy_cobblestone_stairs]=Block{minecraft:mossy_cobblestone_stairs}}, Reference{ResourceKey[minecraft:block / minecraft:end_stone_brick_stairs]=Block{minecraft:end_stone_brick_stairs}}, Reference{ResourceKey[minecraft:block / minecraft:stone_stairs]=Block{minecraft:stone_stairs}}, Reference{ResourceKey[minecraft:block / minecraft:smooth_sandstone_stairs]=Block{minecraft:smooth_sandstone_stairs}}, Reference{ResourceKey[minecraft:block / minecraft:smooth_quartz_stairs]=Block{minecraft:smooth_quartz_stairs}}, Reference{ResourceKey[minecraft:block / minecraft:granite_stairs]=Block{minecraft:granite_stairs}}, Reference{ResourceKey[minecraft:block / minecraft:andesite_stairs]=Block{minecraft:andesite_stairs}}, Reference{ResourceKey[minecraft:block / minecraft:red_nether_brick_stairs]=Block{minecraft:red_nether_brick_stairs}}, Reference{ResourceKey[minecraft:block / minecraft:polished_andesite_stairs]=Block{minecraft:polished_andesite_stairs}}, Reference{ResourceKey[minecraft:block / minecraft:diorite_stairs]=Block{minecraft:diorite_stairs}}, Reference{ResourceKey[minecraft:block / minecraft:polished_granite_slab]=Block{minecraft:polished_granite_slab}}, Reference{ResourceKey[minecraft:block / minecraft:smooth_red_sandstone_slab]=Block{minecraft:smooth_red_sandstone_slab}}, Reference{ResourceKey[minecraft:block / minecraft:mossy_stone_brick_slab]=Block{minecraft:mossy_stone_brick_slab}}, Reference{ResourceKey[minecraft:block / minecraft:polished_diorite_slab]=Block{minecraft:polished_diorite_slab}}, Reference{ResourceKey[minecraft:block / minecraft:mossy_cobblestone_slab]=Block{minecraft:mossy_cobblestone_slab}}, Reference{ResourceKey[minecraft:block / minecraft:end_stone_brick_slab]=Block{minecraft:end_stone_brick_slab}}, Reference{ResourceKey[minecraft:block / minecraft:smooth_sandstone_slab]=Block{minecraft:smooth_sandstone_slab}}, Reference{ResourceKey[minecraft:block / minecraft:smooth_quartz_slab]=Block{minecraft:smooth_quartz_slab}}, Reference{ResourceKey[minecraft:block / minecraft:granite_slab]=Block{minecraft:granite_slab}}, Reference{ResourceKey[minecraft:block / minecraft:andesite_slab]=Block{minecraft:andesite_slab}}, Reference{ResourceKey[minecraft:block / minecraft:red_nether_brick_slab]=Block{minecraft:red_nether_brick_slab}}, Reference{ResourceKey[minecraft:block / minecraft:polished_andesite_slab]=Block{minecraft:polished_andesite_slab}}, Reference{ResourceKey[minecraft:block / minecraft:diorite_slab]=Block{minecraft:diorite_slab}}, Reference{ResourceKey[minecraft:block / minecraft:smoker]=Block{minecraft:smoker}}, Reference{ResourceKey[minecraft:block / minecraft:blast_furnace]=Block{minecraft:blast_furnace}}, Reference{ResourceKey[minecraft:block / minecraft:grindstone]=Block{minecraft:grindstone}}, Reference{ResourceKey[minecraft:block / minecraft:stonecutter]=Block{minecraft:stonecutter}}, Reference{ResourceKey[minecraft:block / minecraft:bell]=Block{minecraft:bell}}, Reference{ResourceKey[minecraft:block / minecraft:lantern]=Block{minecraft:lantern}}, Reference{ResourceKey[minecraft:block / minecraft:soul_lantern]=Block{minecraft:soul_lantern}}, Reference{ResourceKey[minecraft:block / minecraft:warped_nylium]=Block{minecraft:warped_nylium}}, Reference{ResourceKey[minecraft:block / minecraft:crimson_nylium]=Block{minecraft:crimson_nylium}}, Reference{ResourceKey[minecraft:block / minecraft:netherite_block]=Block{minecraft:netherite_block}}, Reference{ResourceKey[minecraft:block / minecraft:ancient_debris]=Block{minecraft:ancient_debris}}, Reference{ResourceKey[minecraft:block / minecraft:crying_obsidian]=Block{minecraft:crying_obsidian}}, Reference{ResourceKey[minecraft:block / minecraft:respawn_anchor]=Block{minecraft:respawn_anchor}}, Reference{ResourceKey[minecraft:block / minecraft:lodestone]=Block{minecraft:lodestone}}, Reference{ResourceKey[minecraft:block / minecraft:blackstone]=Block{minecraft:blackstone}}, Reference{ResourceKey[minecraft:block / minecraft:blackstone_stairs]=Block{minecraft:blackstone_stairs}}, Reference{ResourceKey[minecraft:block / minecraft:blackstone_slab]=Block{minecraft:blackstone_slab}}, Reference{ResourceKey[minecraft:block / minecraft:polished_blackstone]=Block{minecraft:polished_blackstone}}, Reference{ResourceKey[minecraft:block / minecraft:polished_blackstone_bricks]=Block{minecraft:polished_blackstone_bricks}}, Reference{ResourceKey[minecraft:block / minecraft:cracked_polished_blackstone_bricks]=Block{minecraft:cracked_polished_blackstone_bricks}}, Reference{ResourceKey[minecraft:block / minecraft:chiseled_polished_blackstone]=Block{minecraft:chiseled_polished_blackstone}}, Reference{ResourceKey[minecraft:block / minecraft:polished_blackstone_brick_slab]=Block{minecraft:polished_blackstone_brick_slab}}, Reference{ResourceKey[minecraft:block / minecraft:polished_blackstone_brick_stairs]=Block{minecraft:polished_blackstone_brick_stairs}}, Reference{ResourceKey[minecraft:block / minecraft:gilded_blackstone]=Block{minecraft:gilded_blackstone}}, Reference{ResourceKey[minecraft:block / minecraft:polished_blackstone_stairs]=Block{minecraft:polished_blackstone_stairs}}, Reference{ResourceKey[minecraft:block / minecraft:polished_blackstone_slab]=Block{minecraft:polished_blackstone_slab}}, Reference{ResourceKey[minecraft:block / minecraft:polished_blackstone_pressure_plate]=Block{minecraft:polished_blackstone_pressure_plate}}, Reference{ResourceKey[minecraft:block / minecraft:chiseled_nether_bricks]=Block{minecraft:chiseled_nether_bricks}}, Reference{ResourceKey[minecraft:block / minecraft:cracked_nether_bricks]=Block{minecraft:cracked_nether_bricks}}, Reference{ResourceKey[minecraft:block / minecraft:quartz_bricks]=Block{minecraft:quartz_bricks}}, Reference{ResourceKey[minecraft:block / minecraft:tuff]=Block{minecraft:tuff}}, Reference{ResourceKey[minecraft:block / minecraft:calcite]=Block{minecraft:calcite}}, Reference{ResourceKey[minecraft:block / minecraft:oxidized_copper]=Block{minecraft:oxidized_copper}}, Reference{ResourceKey[minecraft:block / minecraft:weathered_copper]=Block{minecraft:weathered_copper}}, Reference{ResourceKey[minecraft:block / minecraft:exposed_copper]=Block{minecraft:exposed_copper}}, Reference{ResourceKey[minecraft:block / minecraft:copper_block]=Block{minecraft:copper_block}}, Reference{ResourceKey[minecraft:block / minecraft:copper_ore]=Block{minecraft:copper_ore}}, Reference{ResourceKey[minecraft:block / minecraft:deepslate_copper_ore]=Block{minecraft:deepslate_copper_ore}}, Reference{ResourceKey[minecraft:block / minecraft:oxidized_cut_copper]=Block{minecraft:oxidized_cut_copper}}, Reference{ResourceKey[minecraft:block / minecraft:weathered_cut_copper]=Block{minecraft:weathered_cut_copper}}, Reference{ResourceKey[minecraft:block / minecraft:exposed_cut_copper]=Block{minecraft:exposed_cut_copper}}, Reference{ResourceKey[minecraft:block / minecraft:cut_copper]=Block{minecraft:cut_copper}}, Reference{ResourceKey[minecraft:block / minecraft:oxidized_cut_copper_stairs]=Block{minecraft:oxidized_cut_copper_stairs}}, Reference{ResourceKey[minecraft:block / minecraft:weathered_cut_copper_stairs]=Block{minecraft:weathered_cut_copper_stairs}}, Reference{ResourceKey[minecraft:block / minecraft:exposed_cut_copper_stairs]=Block{minecraft:exposed_cut_copper_stairs}}, Reference{ResourceKey[minecraft:block / minecraft:cut_copper_stairs]=Block{minecraft:cut_copper_stairs}}, Reference{ResourceKey[minecraft:block / minecraft:oxidized_cut_copper_slab]=Block{minecraft:oxidized_cut_copper_slab}}, Reference{ResourceKey[minecraft:block / minecraft:weathered_cut_copper_slab]=Block{minecraft:weathered_cut_copper_slab}}, Reference{ResourceKey[minecraft:block / minecraft:exposed_cut_copper_slab]=Block{minecraft:exposed_cut_copper_slab}}, Reference{ResourceKey[minecraft:block / minecraft:cut_copper_slab]=Block{minecraft:cut_copper_slab}}, Reference{ResourceKey[minecraft:block / minecraft:waxed_copper_block]=Block{minecraft:waxed_copper_block}}, Reference{ResourceKey[minecraft:block / minecraft:waxed_weathered_copper]=Block{minecraft:waxed_weathered_copper}}, Reference{ResourceKey[minecraft:block / minecraft:waxed_exposed_copper]=Block{minecraft:waxed_exposed_copper}}, Reference{ResourceKey[minecraft:block / minecraft:waxed_oxidized_copper]=Block{minecraft:waxed_oxidized_copper}}, Reference{ResourceKey[minecraft:block / minecraft:waxed_oxidized_cut_copper]=Block{minecraft:waxed_oxidized_cut_copper}}, Reference{ResourceKey[minecraft:block / minecraft:waxed_weathered_cut_copper]=Block{minecraft:waxed_weathered_cut_copper}}, Reference{ResourceKey[minecraft:block / minecraft:waxed_exposed_cut_copper]=Block{minecraft:waxed_exposed_cut_copper}}, Reference{ResourceKey[minecraft:block / minecraft:waxed_cut_copper]=Block{minecraft:waxed_cut_copper}}, Reference{ResourceKey[minecraft:block / minecraft:waxed_oxidized_cut_copper_stairs]=Block{minecraft:waxed_oxidized_cut_copper_stairs}}, Reference{ResourceKey[minecraft:block / minecraft:waxed_weathered_cut_copper_stairs]=Block{minecraft:waxed_weathered_cut_copper_stairs}}, Reference{ResourceKey[minecraft:block / minecraft:waxed_exposed_cut_copper_stairs]=Block{minecraft:waxed_exposed_cut_copper_stairs}}, Reference{ResourceKey[minecraft:block / minecraft:waxed_cut_copper_stairs]=Block{minecraft:waxed_cut_copper_stairs}}, Reference{ResourceKey[minecraft:block / minecraft:waxed_oxidized_cut_copper_slab]=Block{minecraft:waxed_oxidized_cut_copper_slab}}, Reference{ResourceKey[minecraft:block / minecraft:waxed_weathered_cut_copper_slab]=Block{minecraft:waxed_weathered_cut_copper_slab}}, Reference{ResourceKey[minecraft:block / minecraft:waxed_exposed_cut_copper_slab]=Block{minecraft:waxed_exposed_cut_copper_slab}}, Reference{ResourceKey[minecraft:block / minecraft:waxed_cut_copper_slab]=Block{minecraft:waxed_cut_copper_slab}}, Reference{ResourceKey[minecraft:block / minecraft:lightning_rod]=Block{minecraft:lightning_rod}}, Reference{ResourceKey[minecraft:block / minecraft:pointed_dripstone]=Block{minecraft:pointed_dripstone}}, Reference{ResourceKey[minecraft:block / minecraft:dripstone_block]=Block{minecraft:dripstone_block}}, Reference{ResourceKey[minecraft:block / minecraft:deepslate]=Block{minecraft:deepslate}}, Reference{ResourceKey[minecraft:block / minecraft:cobbled_deepslate]=Block{minecraft:cobbled_deepslate}}, Reference{ResourceKey[minecraft:block / minecraft:cobbled_deepslate_stairs]=Block{minecraft:cobbled_deepslate_stairs}}, Reference{ResourceKey[minecraft:block / minecraft:cobbled_deepslate_slab]=Block{minecraft:cobbled_deepslate_slab}}, Reference{ResourceKey[minecraft:block / minecraft:polished_deepslate]=Block{minecraft:polished_deepslate}}, Reference{ResourceKey[minecraft:block / minecraft:polished_deepslate_stairs]=Block{minecraft:polished_deepslate_stairs}}, Reference{ResourceKey[minecraft:block / minecraft:polished_deepslate_slab]=Block{minecraft:polished_deepslate_slab}}, Reference{ResourceKey[minecraft:block / minecraft:deepslate_tiles]=Block{minecraft:deepslate_tiles}}, Reference{ResourceKey[minecraft:block / minecraft:deepslate_tile_stairs]=Block{minecraft:deepslate_tile_stairs}}, Reference{ResourceKey[minecraft:block / minecraft:deepslate_tile_slab]=Block{minecraft:deepslate_tile_slab}}, Reference{ResourceKey[minecraft:block / minecraft:deepslate_bricks]=Block{minecraft:deepslate_bricks}}, Reference{ResourceKey[minecraft:block / minecraft:deepslate_brick_stairs]=Block{minecraft:deepslate_brick_stairs}}, Reference{ResourceKey[minecraft:block / minecraft:deepslate_brick_slab]=Block{minecraft:deepslate_brick_slab}}, Reference{ResourceKey[minecraft:block / minecraft:chiseled_deepslate]=Block{minecraft:chiseled_deepslate}}, Reference{ResourceKey[minecraft:block / minecraft:cracked_deepslate_bricks]=Block{minecraft:cracked_deepslate_bricks}}, Reference{ResourceKey[minecraft:block / minecraft:cracked_deepslate_tiles]=Block{minecraft:cracked_deepslate_tiles}}, Reference{ResourceKey[minecraft:block / minecraft:smooth_basalt]=Block{minecraft:smooth_basalt}}, Reference{ResourceKey[minecraft:block / minecraft:raw_iron_block]=Block{minecraft:raw_iron_block}}, Reference{ResourceKey[minecraft:block / minecraft:raw_copper_block]=Block{minecraft:raw_copper_block}}, Reference{ResourceKey[minecraft:block / minecraft:raw_gold_block]=Block{minecraft:raw_gold_block}}, Reference{ResourceKey[minecraft:block / minecraft:ice]=Block{minecraft:ice}}, Reference{ResourceKey[minecraft:block / minecraft:packed_ice]=Block{minecraft:packed_ice}}, Reference{ResourceKey[minecraft:block / minecraft:blue_ice]=Block{minecraft:blue_ice}}, Reference{ResourceKey[minecraft:block / minecraft:piston]=Block{minecraft:piston}}, Reference{ResourceKey[minecraft:block / minecraft:sticky_piston]=Block{minecraft:sticky_piston}}, Reference{ResourceKey[minecraft:block / minecraft:piston_head]=Block{minecraft:piston_head}}, Reference{ResourceKey[minecraft:block / minecraft:amethyst_cluster]=Block{minecraft:amethyst_cluster}}, Reference{ResourceKey[minecraft:block / minecraft:small_amethyst_bud]=Block{minecraft:small_amethyst_bud}}, Reference{ResourceKey[minecraft:block / minecraft:medium_amethyst_bud]=Block{minecraft:medium_amethyst_bud}}, Reference{ResourceKey[minecraft:block / minecraft:large_amethyst_bud]=Block{minecraft:large_amethyst_bud}}, Reference{ResourceKey[minecraft:block / minecraft:amethyst_block]=Block{minecraft:amethyst_block}}, Reference{ResourceKey[minecraft:block / minecraft:budding_amethyst]=Block{minecraft:budding_amethyst}}, Reference{ResourceKey[minecraft:block / minecraft:infested_cobblestone]=Block{minecraft:infested_cobblestone}}, Reference{ResourceKey[minecraft:block / minecraft:infested_chiseled_stone_bricks]=Block{minecraft:infested_chiseled_stone_bricks}}, Reference{ResourceKey[minecraft:block / minecraft:infested_cracked_stone_bricks]=Block{minecraft:infested_cracked_stone_bricks}}, Reference{ResourceKey[minecraft:block / minecraft:infested_deepslate]=Block{minecraft:infested_deepslate}}, Reference{ResourceKey[minecraft:block / minecraft:infested_stone]=Block{minecraft:infested_stone}}, Reference{ResourceKey[minecraft:block / minecraft:infested_mossy_stone_bricks]=Block{minecraft:infested_mossy_stone_bricks}}, Reference{ResourceKey[minecraft:block / minecraft:infested_stone_bricks]=Block{minecraft:infested_stone_bricks}}, Reference{ResourceKey[minecraft:block / minecraft:stone_button]=Block{minecraft:stone_button}}, Reference{ResourceKey[minecraft:block / minecraft:polished_blackstone_button]=Block{minecraft:polished_blackstone_button}}, Reference{ResourceKey[minecraft:block / minecraft:cobblestone_wall]=Block{minecraft:cobblestone_wall}}, Reference{ResourceKey[minecraft:block / minecraft:mossy_cobblestone_wall]=Block{minecraft:mossy_cobblestone_wall}}, Reference{ResourceKey[minecraft:block / minecraft:brick_wall]=Block{minecraft:brick_wall}}, Reference{ResourceKey[minecraft:block / minecraft:prismarine_wall]=Block{minecraft:prismarine_wall}}, Reference{ResourceKey[minecraft:block / minecraft:red_sandstone_wall]=Block{minecraft:red_sandstone_wall}}, Reference{ResourceKey[minecraft:block / minecraft:mossy_stone_brick_wall]=Block{minecraft:mossy_stone_brick_wall}}, Reference{ResourceKey[minecraft:block / minecraft:granite_wall]=Block{minecraft:granite_wall}}, Reference{ResourceKey[minecraft:block / minecraft:stone_brick_wall]=Block{minecraft:stone_brick_wall}}, Reference{ResourceKey[minecraft:block / minecraft:nether_brick_wall]=Block{minecraft:nether_brick_wall}}, Reference{ResourceKey[minecraft:block / minecraft:andesite_wall]=Block{minecraft:andesite_wall}}, Reference{ResourceKey[minecraft:block / minecraft:red_nether_brick_wall]=Block{minecraft:red_nether_brick_wall}}, Reference{ResourceKey[minecraft:block / minecraft:sandstone_wall]=Block{minecraft:sandstone_wall}}, Reference{ResourceKey[minecraft:block / minecraft:end_stone_brick_wall]=Block{minecraft:end_stone_brick_wall}}, Reference{ResourceKey[minecraft:block / minecraft:diorite_wall]=Block{minecraft:diorite_wall}}, Reference{ResourceKey[minecraft:block / minecraft:blackstone_wall]=Block{minecraft:blackstone_wall}}, Reference{ResourceKey[minecraft:block / minecraft:polished_blackstone_brick_wall]=Block{minecraft:polished_blackstone_brick_wall}}, Reference{ResourceKey[minecraft:block / minecraft:polished_blackstone_wall]=Block{minecraft:polished_blackstone_wall}}, Reference{ResourceKey[minecraft:block / minecraft:cobbled_deepslate_wall]=Block{minecraft:cobbled_deepslate_wall}}, Reference{ResourceKey[minecraft:block / minecraft:polished_deepslate_wall]=Block{minecraft:polished_deepslate_wall}}, Reference{ResourceKey[minecraft:block / minecraft:deepslate_tile_wall]=Block{minecraft:deepslate_tile_wall}}, Reference{ResourceKey[minecraft:block / minecraft:deepslate_brick_wall]=Block{minecraft:deepslate_brick_wall}}, Reference{ResourceKey[minecraft:block / minecraft:mud_brick_wall]=Block{minecraft:mud_brick_wall}}, Reference{ResourceKey[minecraft:block / minecraft:tuff_wall]=Block{minecraft:tuff_wall}}, Reference{ResourceKey[minecraft:block / minecraft:polished_tuff_wall]=Block{minecraft:polished_tuff_wall}}, Reference{ResourceKey[minecraft:block / minecraft:tuff_brick_wall]=Block{minecraft:tuff_brick_wall}}, Reference{ResourceKey[minecraft:block / minecraft:shulker_box]=Block{minecraft:shulker_box}}, Reference{ResourceKey[minecraft:block / minecraft:black_shulker_box]=Block{minecraft:black_shulker_box}}, Reference{ResourceKey[minecraft:block / minecraft:blue_shulker_box]=Block{minecraft:blue_shulker_box}}, Reference{ResourceKey[minecraft:block / minecraft:brown_shulker_box]=Block{minecraft:brown_shulker_box}}, Reference{ResourceKey[minecraft:block / minecraft:cyan_shulker_box]=Block{minecraft:cyan_shulker_box}}, Reference{ResourceKey[minecraft:block / minecraft:gray_shulker_box]=Block{minecraft:gray_shulker_box}}, Reference{ResourceKey[minecraft:block / minecraft:green_shulker_box]=Block{minecraft:green_shulker_box}}, Reference{ResourceKey[minecraft:block / minecraft:light_blue_shulker_box]=Block{minecraft:light_blue_shulker_box}}, Reference{ResourceKey[minecraft:block / minecraft:light_gray_shulker_box]=Block{minecraft:light_gray_shulker_box}}, Reference{ResourceKey[minecraft:block / minecraft:lime_shulker_box]=Block{minecraft:lime_shulker_box}}, Reference{ResourceKey[minecraft:block / minecraft:magenta_shulker_box]=Block{minecraft:magenta_shulker_box}}, Reference{ResourceKey[minecraft:block / minecraft:orange_shulker_box]=Block{minecraft:orange_shulker_box}}, Reference{ResourceKey[minecraft:block / minecraft:pink_shulker_box]=Block{minecraft:pink_shulker_box}}, Reference{ResourceKey[minecraft:block / minecraft:purple_shulker_box]=Block{minecraft:purple_shulker_box}}, Reference{ResourceKey[minecraft:block / minecraft:red_shulker_box]=Block{minecraft:red_shulker_box}}, Reference{ResourceKey[minecraft:block / minecraft:white_shulker_box]=Block{minecraft:white_shulker_box}}, Reference{ResourceKey[minecraft:block / minecraft:yellow_shulker_box]=Block{minecraft:yellow_shulker_box}}, Reference{ResourceKey[minecraft:block / minecraft:anvil]=Block{minecraft:anvil}}, Reference{ResourceKey[minecraft:block / minecraft:chipped_anvil]=Block{minecraft:chipped_anvil}}, Reference{ResourceKey[minecraft:block / minecraft:damaged_anvil]=Block{minecraft:damaged_anvil}}, Reference{ResourceKey[minecraft:block / minecraft:cauldron]=Block{minecraft:cauldron}}, Reference{ResourceKey[minecraft:block / minecraft:water_cauldron]=Block{minecraft:water_cauldron}}, Reference{ResourceKey[minecraft:block / minecraft:lava_cauldron]=Block{minecraft:lava_cauldron}}, Reference{ResourceKey[minecraft:block / minecraft:powder_snow_cauldron]=Block{minecraft:powder_snow_cauldron}}, Reference{ResourceKey[minecraft:block / minecraft:rail]=Block{minecraft:rail}}, Reference{ResourceKey[minecraft:block / minecraft:powered_rail]=Block{minecraft:powered_rail}}, Reference{ResourceKey[minecraft:block / minecraft:detector_rail]=Block{minecraft:detector_rail}}, Reference{ResourceKey[minecraft:block / minecraft:activator_rail]=Block{minecraft:activator_rail}}, Reference{ResourceKey[minecraft:block / minecraft:conduit]=Block{minecraft:conduit}}, Reference{ResourceKey[minecraft:block / minecraft:mud_bricks]=Block{minecraft:mud_bricks}}, Reference{ResourceKey[minecraft:block / minecraft:mud_brick_stairs]=Block{minecraft:mud_brick_stairs}}, Reference{ResourceKey[minecraft:block / minecraft:mud_brick_slab]=Block{minecraft:mud_brick_slab}}, Reference{ResourceKey[minecraft:block / minecraft:packed_mud]=Block{minecraft:packed_mud}}, Reference{ResourceKey[minecraft:block / minecraft:crafter]=Block{minecraft:crafter}}, Reference{ResourceKey[minecraft:block / minecraft:tuff_slab]=Block{minecraft:tuff_slab}}, Reference{ResourceKey[minecraft:block / minecraft:tuff_stairs]=Block{minecraft:tuff_stairs}}, Reference{ResourceKey[minecraft:block / minecraft:chiseled_tuff]=Block{minecraft:chiseled_tuff}}, Reference{ResourceKey[minecraft:block / minecraft:polished_tuff]=Block{minecraft:polished_tuff}}, Reference{ResourceKey[minecraft:block / minecraft:polished_tuff_slab]=Block{minecraft:polished_tuff_slab}}, Reference{ResourceKey[minecraft:block / minecraft:polished_tuff_stairs]=Block{minecraft:polished_tuff_stairs}}, Reference{ResourceKey[minecraft:block / minecraft:tuff_bricks]=Block{minecraft:tuff_bricks}}, Reference{ResourceKey[minecraft:block / minecraft:tuff_brick_slab]=Block{minecraft:tuff_brick_slab}}, Reference{ResourceKey[minecraft:block / minecraft:tuff_brick_stairs]=Block{minecraft:tuff_brick_stairs}}, Reference{ResourceKey[minecraft:block / minecraft:chiseled_tuff_bricks]=Block{minecraft:chiseled_tuff_bricks}}, Reference{ResourceKey[minecraft:block / minecraft:chiseled_copper]=Block{minecraft:chiseled_copper}}, Reference{ResourceKey[minecraft:block / minecraft:exposed_chiseled_copper]=Block{minecraft:exposed_chiseled_copper}}, Reference{ResourceKey[minecraft:block / minecraft:weathered_chiseled_copper]=Block{minecraft:weathered_chiseled_copper}}, Reference{ResourceKey[minecraft:block / minecraft:oxidized_chiseled_copper]=Block{minecraft:oxidized_chiseled_copper}}, Reference{ResourceKey[minecraft:block / minecraft:waxed_chiseled_copper]=Block{minecraft:waxed_chiseled_copper}}, Reference{ResourceKey[minecraft:block / minecraft:waxed_exposed_chiseled_copper]=Block{minecraft:waxed_exposed_chiseled_copper}}, Reference{ResourceKey[minecraft:block / minecraft:waxed_weathered_chiseled_copper]=Block{minecraft:waxed_weathered_chiseled_copper}}, Reference{ResourceKey[minecraft:block / minecraft:waxed_oxidized_chiseled_copper]=Block{minecraft:waxed_oxidized_chiseled_copper}}, Reference{ResourceKey[minecraft:block / minecraft:copper_grate]=Block{minecraft:copper_grate}}, Reference{ResourceKey[minecraft:block / minecraft:exposed_copper_grate]=Block{minecraft:exposed_copper_grate}}, Reference{ResourceKey[minecraft:block / minecraft:weathered_copper_grate]=Block{minecraft:weathered_copper_grate}}, Reference{ResourceKey[minecraft:block / minecraft:oxidized_copper_grate]=Block{minecraft:oxidized_copper_grate}}, Reference{ResourceKey[minecraft:block / minecraft:waxed_copper_grate]=Block{minecraft:waxed_copper_grate}}, Reference{ResourceKey[minecraft:block / minecraft:waxed_exposed_copper_grate]=Block{minecraft:waxed_exposed_copper_grate}}, Reference{ResourceKey[minecraft:block / minecraft:waxed_weathered_copper_grate]=Block{minecraft:waxed_weathered_copper_grate}}, Reference{ResourceKey[minecraft:block / minecraft:waxed_oxidized_copper_grate]=Block{minecraft:waxed_oxidized_copper_grate}}, Reference{ResourceKey[minecraft:block / minecraft:copper_bulb]=Block{minecraft:copper_bulb}}, Reference{ResourceKey[minecraft:block / minecraft:exposed_copper_bulb]=Block{minecraft:exposed_copper_bulb}}, Reference{ResourceKey[minecraft:block / minecraft:weathered_copper_bulb]=Block{minecraft:weathered_copper_bulb}}, Reference{ResourceKey[minecraft:block / minecraft:oxidized_copper_bulb]=Block{minecraft:oxidized_copper_bulb}}, Reference{ResourceKey[minecraft:block / minecraft:waxed_copper_bulb]=Block{minecraft:waxed_copper_bulb}}, Reference{ResourceKey[minecraft:block / minecraft:waxed_exposed_copper_bulb]=Block{minecraft:waxed_exposed_copper_bulb}}, Reference{ResourceKey[minecraft:block / minecraft:waxed_weathered_copper_bulb]=Block{minecraft:waxed_weathered_copper_bulb}}, Reference{ResourceKey[minecraft:block / minecraft:waxed_oxidized_copper_bulb]=Block{minecraft:waxed_oxidized_copper_bulb}}, Reference{ResourceKey[minecraft:block / minecraft:copper_door]=Block{minecraft:copper_door}}, Reference{ResourceKey[minecraft:block / minecraft:exposed_copper_door]=Block{minecraft:exposed_copper_door}}, Reference{ResourceKey[minecraft:block / minecraft:weathered_copper_door]=Block{minecraft:weathered_copper_door}}, Reference{ResourceKey[minecraft:block / minecraft:oxidized_copper_door]=Block{minecraft:oxidized_copper_door}}, Reference{ResourceKey[minecraft:block / minecraft:waxed_copper_door]=Block{minecraft:waxed_copper_door}}, Reference{ResourceKey[minecraft:block / minecraft:waxed_exposed_copper_door]=Block{minecraft:waxed_exposed_copper_door}}, Reference{ResourceKey[minecraft:block / minecraft:waxed_weathered_copper_door]=Block{minecraft:waxed_weathered_copper_door}}, Reference{ResourceKey[minecraft:block / minecraft:waxed_oxidized_copper_door]=Block{minecraft:waxed_oxidized_copper_door}}, Reference{ResourceKey[minecraft:block / minecraft:copper_trapdoor]=Block{minecraft:copper_trapdoor}}, Reference{ResourceKey[minecraft:block / minecraft:exposed_copper_trapdoor]=Block{minecraft:exposed_copper_trapdoor}}, Reference{ResourceKey[minecraft:block / minecraft:weathered_copper_trapdoor]=Block{minecraft:weathered_copper_trapdoor}}, Reference{ResourceKey[minecraft:block / minecraft:oxidized_copper_trapdoor]=Block{minecraft:oxidized_copper_trapdoor}}, Reference{ResourceKey[minecraft:block / minecraft:waxed_copper_trapdoor]=Block{minecraft:waxed_copper_trapdoor}}, Reference{ResourceKey[minecraft:block / minecraft:waxed_exposed_copper_trapdoor]=Block{minecraft:waxed_exposed_copper_trapdoor}}, Reference{ResourceKey[minecraft:block / minecraft:waxed_weathered_copper_trapdoor]=Block{minecraft:waxed_weathered_copper_trapdoor}}, Reference{ResourceKey[minecraft:block / minecraft:waxed_oxidized_copper_trapdoor]=Block{minecraft:waxed_oxidized_copper_trapdoor}}, Reference{ResourceKey[minecraft:block / minecraft:heavy_core]=Block{minecraft:heavy_core}}, Reference{ResourceKey[minecraft:block / britannia_mod:custom_sandstone_brick]=Block{britannia_mod:custom_sandstone_brick}}, Reference{ResourceKey[minecraft:block / britannia_mod:custom_sandstone_brick_stairs_0]=Block{britannia_mod:custom_sandstone_brick_stairs_0}}, Reference{ResourceKey[minecraft:block / britannia_mod:custom_sandstone_brick_stairs_1]=Block{britannia_mod:custom_sandstone_brick_stairs_1}}, Reference{ResourceKey[minecraft:block / britannia_mod:custom_sandstone_brick_stairs_2]=Block{britannia_mod:custom_sandstone_brick_stairs_2}}, Reference{ResourceKey[minecraft:block / britannia_mod:custom_sandstone_brick_stairs_3]=Block{britannia_mod:custom_sandstone_brick_stairs_3}}, Reference{ResourceKey[minecraft:block / britannia_mod:light_sandstone_paver]=Block{britannia_mod:light_sandstone_paver}}, Reference{ResourceKey[minecraft:block / britannia_mod:dark_sandstone_paver]=Block{britannia_mod:dark_sandstone_paver}}, Reference{ResourceKey[minecraft:block / britannia_mod:slate_roof_flat]=Block{britannia_mod:slate_roof_flat}}, Reference{ResourceKey[minecraft:block / britannia_mod:sandstone_roof]=Block{britannia_mod:sandstone_roof}}, Reference{ResourceKey[minecraft:block / britannia_mod:limestone_roof]=Block{britannia_mod:limestone_roof}}, Reference{ResourceKey[minecraft:block / britannia_mod:ornate_sandstone_wall]=Block{britannia_mod:ornate_sandstone_wall}}, Reference{ResourceKey[minecraft:block / britannia_mod:regular_sandstone_wall]=Block{britannia_mod:regular_sandstone_wall}}, Reference{ResourceKey[minecraft:block / britannia_mod:sandstone_block_wall]=Block{britannia_mod:sandstone_block_wall}}, Reference{ResourceKey[minecraft:block / britannia_mod:ornate_sandstone_window]=Block{britannia_mod:ornate_sandstone_window}}, Reference{ResourceKey[minecraft:block / britannia_mod:sandstone_window]=Block{britannia_mod:sandstone_window}}, Reference{ResourceKey[minecraft:block / britannia_mod:sandstone_post]=Block{britannia_mod:sandstone_post}}, Reference{ResourceKey[minecraft:block / britannia_mod:ornate_sandstone_post]=Block{britannia_mod:ornate_sandstone_post}}, Reference{ResourceKey[minecraft:block / britannia_mod:sandstone_battlement]=Block{britannia_mod:sandstone_battlement}}, Reference{ResourceKey[minecraft:block / britannia_mod:sandstone_column]=Block{britannia_mod:sandstone_column}}, Reference{ResourceKey[minecraft:block / britannia_mod:pewter_mug]=Block{britannia_mod:pewter_mug}}, Reference{ResourceKey[minecraft:block / britannia_mod:kettle]=Block{britannia_mod:kettle}}, Reference{ResourceKey[minecraft:block / britannia_mod:plates_and_silverware]=Block{britannia_mod:plates_and_silverware}}, Reference{ResourceKey[minecraft:block / britannia_mod:fountain]=Block{britannia_mod:fountain}}, Reference{ResourceKey[minecraft:block / britannia_mod:water_well]=Block{britannia_mod:water_well}}, Reference{ResourceKey[minecraft:block / britannia_mod:brick_foundation_oak]=Block{britannia_mod:brick_foundation_oak}}, Reference{ResourceKey[minecraft:block / britannia_mod:brick_foundation_spruce]=Block{britannia_mod:brick_foundation_spruce}}, Reference{ResourceKey[minecraft:block / britannia_mod:brick_foundation_sandstone]=Block{britannia_mod:brick_foundation_sandstone}}, Reference{ResourceKey[minecraft:block / britannia_mod:brick_foundation_dark_sandstone]=Block{britannia_mod:brick_foundation_dark_sandstone}}, Reference{ResourceKey[minecraft:block / britannia_mod:brick_foundation_flagstone]=Block{britannia_mod:brick_foundation_flagstone}}, Reference{ResourceKey[minecraft:block / britannia_mod:flagstone]=Block{britannia_mod:flagstone}}]], speed=Optional.empty, correctForDrops=Optional[false]], Rule[blocks=NamedSet(TagKey[minecraft:block / minecraft:mineable/pickaxe])[[Reference{ResourceKey[minecraft:block / minecraft:stone]=Block{minecraft:stone}}, Reference{ResourceKey[minecraft:block / minecraft:granite]=Block{minecraft:granite}}, Reference{ResourceKey[minecraft:block / minecraft:polished_granite]=Block{minecraft:polished_granite}}, Reference{ResourceKey[minecraft:block / minecraft:diorite]=Block{minecraft:diorite}}, Reference{ResourceKey[minecraft:block / minecraft:polished_diorite]=Block{minecraft:polished_diorite}}, Reference{ResourceKey[minecraft:block / minecraft:andesite]=Block{minecraft:andesite}}, Reference{ResourceKey[minecraft:block / minecraft:polished_andesite]=Block{minecraft:polished_andesite}}, Reference{ResourceKey[minecraft:block / minecraft:cobblestone]=Block{minecraft:cobblestone}}, Reference{ResourceKey[minecraft:block / minecraft:gold_ore]=Block{minecraft:gold_ore}}, Reference{ResourceKey[minecraft:block / minecraft:deepslate_gold_ore]=Block{minecraft:deepslate_gold_ore}}, Reference{ResourceKey[minecraft:block / minecraft:iron_ore]=Block{minecraft:iron_ore}}, Reference{ResourceKey[minecraft:block / minecraft:deepslate_iron_ore]=Block{minecraft:deepslate_iron_ore}}, Reference{ResourceKey[minecraft:block / minecraft:coal_ore]=Block{minecraft:coal_ore}}, Reference{ResourceKey[minecraft:block / minecraft:deepslate_coal_ore]=Block{minecraft:deepslate_coal_ore}}, Reference{ResourceKey[minecraft:block / minecraft:nether_gold_ore]=Block{minecraft:nether_gold_ore}}, Reference{ResourceKey[minecraft:block / minecraft:lapis_ore]=Block{minecraft:lapis_ore}}, Reference{ResourceKey[minecraft:block / minecraft:deepslate_lapis_ore]=Block{minecraft:deepslate_lapis_ore}}, Reference{ResourceKey[minecraft:block / minecraft:lapis_block]=Block{minecraft:lapis_block}}, Reference{ResourceKey[minecraft:block / minecraft:dispenser]=Block{minecraft:dispenser}}, Reference{ResourceKey[minecraft:block / minecraft:sandstone]=Block{minecraft:sandstone}}, Reference{ResourceKey[minecraft:block / minecraft:chiseled_sandstone]=Block{minecraft:chiseled_sandstone}}, Reference{ResourceKey[minecraft:block / minecraft:cut_sandstone]=Block{minecraft:cut_sandstone}}, Reference{ResourceKey[minecraft:block / minecraft:gold_block]=Block{minecraft:gold_block}}, Reference{ResourceKey[minecraft:block / minecraft:iron_block]=Block{minecraft:iron_block}}, Reference{ResourceKey[minecraft:block / minecraft:bricks]=Block{minecraft:bricks}}, Reference{ResourceKey[minecraft:block / minecraft:mossy_cobblestone]=Block{minecraft:mossy_cobblestone}}, Reference{ResourceKey[minecraft:block / minecraft:obsidian]=Block{minecraft:obsidian}}, Reference{ResourceKey[minecraft:block / minecraft:spawner]=Block{minecraft:spawner}}, Reference{ResourceKey[minecraft:block / minecraft:diamond_ore]=Block{minecraft:diamond_ore}}, Reference{ResourceKey[minecraft:block / minecraft:deepslate_diamond_ore]=Block{minecraft:deepslate_diamond_ore}}, Reference{ResourceKey[minecraft:block / minecraft:diamond_block]=Block{minecraft:diamond_block}}, Reference{ResourceKey[minecraft:block / minecraft:furnace]=Block{minecraft:furnace}}, Reference{ResourceKey[minecraft:block / minecraft:cobblestone_stairs]=Block{minecraft:cobblestone_stairs}}, Reference{ResourceKey[minecraft:block / minecraft:stone_pressure_plate]=Block{minecraft:stone_pressure_plate}}, Reference{ResourceKey[minecraft:block / minecraft:iron_door]=Block{minecraft:iron_door}}, Reference{ResourceKey[minecraft:block / minecraft:redstone_ore]=Block{minecraft:redstone_ore}}, Reference{ResourceKey[minecraft:block / minecraft:deepslate_redstone_ore]=Block{minecraft:deepslate_redstone_ore}}, Reference{ResourceKey[minecraft:block / minecraft:netherrack]=Block{minecraft:netherrack}}, Reference{ResourceKey[minecraft:block / minecraft:basalt]=Block{minecraft:basalt}}, Reference{ResourceKey[minecraft:block / minecraft:polished_basalt]=Block{minecraft:polished_basalt}}, Reference{ResourceKey[minecraft:block / minecraft:stone_bricks]=Block{minecraft:stone_bricks}}, Reference{ResourceKey[minecraft:block / minecraft:mossy_stone_bricks]=Block{minecraft:mossy_stone_bricks}}, Reference{ResourceKey[minecraft:block / minecraft:cracked_stone_bricks]=Block{minecraft:cracked_stone_bricks}}, Reference{ResourceKey[minecraft:block / minecraft:chiseled_stone_bricks]=Block{minecraft:chiseled_stone_bricks}}, Reference{ResourceKey[minecraft:block / minecraft:iron_bars]=Block{minecraft:iron_bars}}, Reference{ResourceKey[minecraft:block / minecraft:chain]=Block{minecraft:chain}}, Reference{ResourceKey[minecraft:block / minecraft:brick_stairs]=Block{minecraft:brick_stairs}}, Reference{ResourceKey[minecraft:block / minecraft:stone_brick_stairs]=Block{minecraft:stone_brick_stairs}}, Reference{ResourceKey[minecraft:block / minecraft:nether_bricks]=Block{minecraft:nether_bricks}}, Reference{ResourceKey[minecraft:block / minecraft:nether_brick_fence]=Block{minecraft:nether_brick_fence}}, Reference{ResourceKey[minecraft:block / minecraft:nether_brick_stairs]=Block{minecraft:nether_brick_stairs}}, Reference{ResourceKey[minecraft:block / minecraft:enchanting_table]=Block{minecraft:enchanting_table}}, Reference{ResourceKey[minecraft:block / minecraft:brewing_stand]=Block{minecraft:brewing_stand}}, Reference{ResourceKey[minecraft:block / minecraft:end_stone]=Block{minecraft:end_stone}}, Reference{ResourceKey[minecraft:block / minecraft:sandstone_stairs]=Block{minecraft:sandstone_stairs}}, Reference{ResourceKey[minecraft:block / minecraft:emerald_ore]=Block{minecraft:emerald_ore}}, Reference{ResourceKey[minecraft:block / minecraft:deepslate_emerald_ore]=Block{minecraft:deepslate_emerald_ore}}, Reference{ResourceKey[minecraft:block / minecraft:ender_chest]=Block{minecraft:ender_chest}}, Reference{ResourceKey[minecraft:block / minecraft:emerald_block]=Block{minecraft:emerald_block}}, Reference{ResourceKey[minecraft:block / minecraft:light_weighted_pressure_plate]=Block{minecraft:light_weighted_pressure_plate}}, Reference{ResourceKey[minecraft:block / minecraft:heavy_weighted_pressure_plate]=Block{minecraft:heavy_weighted_pressure_plate}}, Reference{ResourceKey[minecraft:block / minecraft:redstone_block]=Block{minecraft:redstone_block}}, Reference{ResourceKey[minecraft:block / minecraft:nether_quartz_ore]=Block{minecraft:nether_quartz_ore}}, Reference{ResourceKey[minecraft:block / minecraft:hopper]=Block{minecraft:hopper}}, Reference{ResourceKey[minecraft:block / minecraft:quartz_block]=Block{minecraft:quartz_block}}, Reference{ResourceKey[minecraft:block / minecraft:chiseled_quartz_block]=Block{minecraft:chiseled_quartz_block}}, Reference{ResourceKey[minecraft:block / minecraft:quartz_pillar]=Block{minecraft:quartz_pillar}}, Reference{ResourceKey[minecraft:block / minecraft:quartz_stairs]=Block{minecraft:quartz_stairs}}, Reference{ResourceKey[minecraft:block / minecraft:dropper]=Block{minecraft:dropper}}, Reference{ResourceKey[minecraft:block / minecraft:white_terracotta]=Block{minecraft:white_terracotta}}, Reference{ResourceKey[minecraft:block / minecraft:orange_terracotta]=Block{minecraft:orange_terracotta}}, Reference{ResourceKey[minecraft:block / minecraft:magenta_terracotta]=Block{minecraft:magenta_terracotta}}, Reference{ResourceKey[minecraft:block / minecraft:light_blue_terracotta]=Block{minecraft:light_blue_terracotta}}, Reference{ResourceKey[minecraft:block / minecraft:yellow_terracotta]=Block{minecraft:yellow_terracotta}}, Reference{ResourceKey[minecraft:block / minecraft:lime_terracotta]=Block{minecraft:lime_terracotta}}, Reference{ResourceKey[minecraft:block / minecraft:pink_terracotta]=Block{minecraft:pink_terracotta}}, Reference{ResourceKey[minecraft:block / minecraft:gray_terracotta]=Block{minecraft:gray_terracotta}}, Reference{ResourceKey[minecraft:block / minecraft:light_gray_terracotta]=Block{minecraft:light_gray_terracotta}}, Reference{ResourceKey[minecraft:block / minecraft:cyan_terracotta]=Block{minecraft:cyan_terracotta}}, Reference{ResourceKey[minecraft:block / minecraft:purple_terracotta]=Block{minecraft:purple_terracotta}}, Reference{ResourceKey[minecraft:block / minecraft:blue_terracotta]=Block{minecraft:blue_terracotta}}, Reference{ResourceKey[minecraft:block / minecraft:brown_terracotta]=Block{minecraft:brown_terracotta}}, Reference{ResourceKey[minecraft:block / minecraft:green_terracotta]=Block{minecraft:green_terracotta}}, Reference{ResourceKey[minecraft:block / minecraft:red_terracotta]=Block{minecraft:red_terracotta}}, Reference{ResourceKey[minecraft:block / minecraft:black_terracotta]=Block{minecraft:black_terracotta}}, Reference{ResourceKey[minecraft:block / minecraft:iron_trapdoor]=Block{minecraft:iron_trapdoor}}, Reference{ResourceKey[minecraft:block / minecraft:prismarine]=Block{minecraft:prismarine}}, Reference{ResourceKey[minecraft:block / minecraft:prismarine_bricks]=Block{minecraft:prismarine_bricks}}, Reference{ResourceKey[minecraft:block / minecraft:dark_prismarine]=Block{minecraft:dark_prismarine}}, Reference{ResourceKey[minecraft:block / minecraft:prismarine_stairs]=Block{minecraft:prismarine_stairs}}, Reference{ResourceKey[minecraft:block / minecraft:prismarine_brick_stairs]=Block{minecraft:prismarine_brick_stairs}}, Reference{ResourceKey[minecraft:block / minecraft:dark_prismarine_stairs]=Block{minecraft:dark_prismarine_stairs}}, Reference{ResourceKey[minecraft:block / minecraft:prismarine_slab]=Block{minecraft:prismarine_slab}}, Reference{ResourceKey[minecraft:block / minecraft:prismarine_brick_slab]=Block{minecraft:prismarine_brick_slab}}, Reference{ResourceKey[minecraft:block / minecraft:dark_prismarine_slab]=Block{minecraft:dark_prismarine_slab}}, Reference{ResourceKey[minecraft:block / minecraft:terracotta]=Block{minecraft:terracotta}}, Reference{ResourceKey[minecraft:block / minecraft:coal_block]=Block{minecraft:coal_block}}, Reference{ResourceKey[minecraft:block / minecraft:red_sandstone]=Block{minecraft:red_sandstone}}, Reference{ResourceKey[minecraft:block / minecraft:chiseled_red_sandstone]=Block{minecraft:chiseled_red_sandstone}}, Reference{ResourceKey[minecraft:block / minecraft:cut_red_sandstone]=Block{minecraft:cut_red_sandstone}}, Reference{ResourceKey[minecraft:block / minecraft:red_sandstone_stairs]=Block{minecraft:red_sandstone_stairs}}, Reference{ResourceKey[minecraft:block / minecraft:stone_slab]=Block{minecraft:stone_slab}}, Reference{ResourceKey[minecraft:block / minecraft:smooth_stone_slab]=Block{minecraft:smooth_stone_slab}}, Reference{ResourceKey[minecraft:block / minecraft:sandstone_slab]=Block{minecraft:sandstone_slab}}, Reference{ResourceKey[minecraft:block / minecraft:cut_sandstone_slab]=Block{minecraft:cut_sandstone_slab}}, Reference{ResourceKey[minecraft:block / minecraft:petrified_oak_slab]=Block{minecraft:petrified_oak_slab}}, Reference{ResourceKey[minecraft:block / minecraft:cobblestone_slab]=Block{minecraft:cobblestone_slab}}, Reference{ResourceKey[minecraft:block / minecraft:brick_slab]=Block{minecraft:brick_slab}}, Reference{ResourceKey[minecraft:block / minecraft:stone_brick_slab]=Block{minecraft:stone_brick_slab}}, Reference{ResourceKey[minecraft:block / minecraft:nether_brick_slab]=Block{minecraft:nether_brick_slab}}, Reference{ResourceKey[minecraft:block / minecraft:quartz_slab]=Block{minecraft:quartz_slab}}, Reference{ResourceKey[minecraft:block / minecraft:red_sandstone_slab]=Block{minecraft:red_sandstone_slab}}, Reference{ResourceKey[minecraft:block / minecraft:cut_red_sandstone_slab]=Block{minecraft:cut_red_sandstone_slab}}, Reference{ResourceKey[minecraft:block / minecraft:purpur_slab]=Block{minecraft:purpur_slab}}, Reference{ResourceKey[minecraft:block / minecraft:smooth_stone]=Block{minecraft:smooth_stone}}, Reference{ResourceKey[minecraft:block / minecraft:smooth_sandstone]=Block{minecraft:smooth_sandstone}}, Reference{ResourceKey[minecraft:block / minecraft:smooth_quartz]=Block{minecraft:smooth_quartz}}, Reference{ResourceKey[minecraft:block / minecraft:smooth_red_sandstone]=Block{minecraft:smooth_red_sandstone}}, Reference{ResourceKey[minecraft:block / minecraft:purpur_block]=Block{minecraft:purpur_block}}, Reference{ResourceKey[minecraft:block / minecraft:purpur_pillar]=Block{minecraft:purpur_pillar}}, Reference{ResourceKey[minecraft:block / minecraft:purpur_stairs]=Block{minecraft:purpur_stairs}}, Reference{ResourceKey[minecraft:block / minecraft:end_stone_bricks]=Block{minecraft:end_stone_bricks}}, Reference{ResourceKey[minecraft:block / minecraft:magma_block]=Block{minecraft:magma_block}}, Reference{ResourceKey[minecraft:block / minecraft:red_nether_bricks]=Block{minecraft:red_nether_bricks}}, Reference{ResourceKey[minecraft:block / minecraft:bone_block]=Block{minecraft:bone_block}}, Reference{ResourceKey[minecraft:block / minecraft:observer]=Block{minecraft:observer}}, Reference{ResourceKey[minecraft:block / minecraft:white_glazed_terracotta]=Block{minecraft:white_glazed_terracotta}}, Reference{ResourceKey[minecraft:block / minecraft:orange_glazed_terracotta]=Block{minecraft:orange_glazed_terracotta}}, Reference{ResourceKey[minecraft:block / minecraft:magenta_glazed_terracotta]=Block{minecraft:magenta_glazed_terracotta}}, Reference{ResourceKey[minecraft:block / minecraft:light_blue_glazed_terracotta]=Block{minecraft:light_blue_glazed_terracotta}}, Reference{ResourceKey[minecraft:block / minecraft:yellow_glazed_terracotta]=Block{minecraft:yellow_glazed_terracotta}}, Reference{ResourceKey[minecraft:block / minecraft:lime_glazed_terracotta]=Block{minecraft:lime_glazed_terracotta}}, Reference{ResourceKey[minecraft:block / minecraft:pink_glazed_terracotta]=Block{minecraft:pink_glazed_terracotta}}, Reference{ResourceKey[minecraft:block / minecraft:gray_glazed_terracotta]=Block{minecraft:gray_glazed_terracotta}}, Reference{ResourceKey[minecraft:block / minecraft:light_gray_glazed_terracotta]=Block{minecraft:light_gray_glazed_terracotta}}, Reference{ResourceKey[minecraft:block / minecraft:cyan_glazed_terracotta]=Block{minecraft:cyan_glazed_terracotta}}, Reference{ResourceKey[minecraft:block / minecraft:purple_glazed_terracotta]=Block{minecraft:purple_glazed_terracotta}}, Reference{ResourceKey[minecraft:block / minecraft:blue_glazed_terracotta]=Block{minecraft:blue_glazed_terracotta}}, Reference{ResourceKey[minecraft:block / minecraft:brown_glazed_terracotta]=Block{minecraft:brown_glazed_terracotta}}, Reference{ResourceKey[minecraft:block / minecraft:green_glazed_terracotta]=Block{minecraft:green_glazed_terracotta}}, Reference{ResourceKey[minecraft:block / minecraft:red_glazed_terracotta]=Block{minecraft:red_glazed_terracotta}}, Reference{ResourceKey[minecraft:block / minecraft:black_glazed_terracotta]=Block{minecraft:black_glazed_terracotta}}, Reference{ResourceKey[minecraft:block / minecraft:white_concrete]=Block{minecraft:white_concrete}}, Reference{ResourceKey[minecraft:block / minecraft:orange_concrete]=Block{minecraft:orange_concrete}}, Reference{ResourceKey[minecraft:block / minecraft:magenta_concrete]=Block{minecraft:magenta_concrete}}, Reference{ResourceKey[minecraft:block / minecraft:light_blue_concrete]=Block{minecraft:light_blue_concrete}}, Reference{ResourceKey[minecraft:block / minecraft:yellow_concrete]=Block{minecraft:yellow_concrete}}, Reference{ResourceKey[minecraft:block / minecraft:lime_concrete]=Block{minecraft:lime_concrete}}, Reference{ResourceKey[minecraft:block / minecraft:pink_concrete]=Block{minecraft:pink_concrete}}, Reference{ResourceKey[minecraft:block / minecraft:gray_concrete]=Block{minecraft:gray_concrete}}, Reference{ResourceKey[minecraft:block / minecraft:light_gray_concrete]=Block{minecraft:light_gray_concrete}}, Reference{ResourceKey[minecraft:block / minecraft:cyan_concrete]=Block{minecraft:cyan_concrete}}, Reference{ResourceKey[minecraft:block / minecraft:purple_concrete]=Block{minecraft:purple_concrete}}, Reference{ResourceKey[minecraft:block / minecraft:blue_concrete]=Block{minecraft:blue_concrete}}, Reference{ResourceKey[minecraft:block / minecraft:brown_concrete]=Block{minecraft:brown_concrete}}, Reference{ResourceKey[minecraft:block / minecraft:green_concrete]=Block{minecraft:green_concrete}}, Reference{ResourceKey[minecraft:block / minecraft:red_concrete]=Block{minecraft:red_concrete}}, Reference{ResourceKey[minecraft:block / minecraft:black_concrete]=Block{minecraft:black_concrete}}, Reference{ResourceKey[minecraft:block / minecraft:dead_tube_coral_block]=Block{minecraft:dead_tube_coral_block}}, Reference{ResourceKey[minecraft:block / minecraft:dead_brain_coral_block]=Block{minecraft:dead_brain_coral_block}}, Reference{ResourceKey[minecraft:block / minecraft:dead_bubble_coral_block]=Block{minecraft:dead_bubble_coral_block}}, Reference{ResourceKey[minecraft:block / minecraft:dead_fire_coral_block]=Block{minecraft:dead_fire_coral_block}}, Reference{ResourceKey[minecraft:block / minecraft:dead_horn_coral_block]=Block{minecraft:dead_horn_coral_block}}, Reference{ResourceKey[minecraft:block / minecraft:tube_coral_block]=Block{minecraft:tube_coral_block}}, Reference{ResourceKey[minecraft:block / minecraft:brain_coral_block]=Block{minecraft:brain_coral_block}}, Reference{ResourceKey[minecraft:block / minecraft:bubble_coral_block]=Block{minecraft:bubble_coral_block}}, Reference{ResourceKey[minecraft:block / minecraft:fire_coral_block]=Block{minecraft:fire_coral_block}}, Reference{ResourceKey[minecraft:block / minecraft:horn_coral_block]=Block{minecraft:horn_coral_block}}, Reference{ResourceKey[minecraft:block / minecraft:dead_tube_coral]=Block{minecraft:dead_tube_coral}}, Reference{ResourceKey[minecraft:block / minecraft:dead_brain_coral]=Block{minecraft:dead_brain_coral}}, Reference{ResourceKey[minecraft:block / minecraft:dead_bubble_coral]=Block{minecraft:dead_bubble_coral}}, Reference{ResourceKey[minecraft:block / minecraft:dead_fire_coral]=Block{minecraft:dead_fire_coral}}, Reference{ResourceKey[minecraft:block / minecraft:dead_horn_coral]=Block{minecraft:dead_horn_coral}}, Reference{ResourceKey[minecraft:block / minecraft:dead_tube_coral_fan]=Block{minecraft:dead_tube_coral_fan}}, Reference{ResourceKey[minecraft:block / minecraft:dead_brain_coral_fan]=Block{minecraft:dead_brain_coral_fan}}, Reference{ResourceKey[minecraft:block / minecraft:dead_bubble_coral_fan]=Block{minecraft:dead_bubble_coral_fan}}, Reference{ResourceKey[minecraft:block / minecraft:dead_fire_coral_fan]=Block{minecraft:dead_fire_coral_fan}}, Reference{ResourceKey[minecraft:block / minecraft:dead_horn_coral_fan]=Block{minecraft:dead_horn_coral_fan}}, Reference{ResourceKey[minecraft:block / minecraft:dead_tube_coral_wall_fan]=Block{minecraft:dead_tube_coral_wall_fan}}, Reference{ResourceKey[minecraft:block / minecraft:dead_brain_coral_wall_fan]=Block{minecraft:dead_brain_coral_wall_fan}}, Reference{ResourceKey[minecraft:block / minecraft:dead_bubble_coral_wall_fan]=Block{minecraft:dead_bubble_coral_wall_fan}}, Reference{ResourceKey[minecraft:block / minecraft:dead_fire_coral_wall_fan]=Block{minecraft:dead_fire_coral_wall_fan}}, Reference{ResourceKey[minecraft:block / minecraft:dead_horn_coral_wall_fan]=Block{minecraft:dead_horn_coral_wall_fan}}, Reference{ResourceKey[minecraft:block / minecraft:polished_granite_stairs]=Block{minecraft:polished_granite_stairs}}, Reference{ResourceKey[minecraft:block / minecraft:smooth_red_sandstone_stairs]=Block{minecraft:smooth_red_sandstone_stairs}}, Reference{ResourceKey[minecraft:block / minecraft:mossy_stone_brick_stairs]=Block{minecraft:mossy_stone_brick_stairs}}, Reference{ResourceKey[minecraft:block / minecraft:polished_diorite_stairs]=Block{minecraft:polished_diorite_stairs}}, Reference{ResourceKey[minecraft:block / minecraft:mossy_cobblestone_stairs]=Block{minecraft:mossy_cobblestone_stairs}}, Reference{ResourceKey[minecraft:block / minecraft:end_stone_brick_stairs]=Block{minecraft:end_stone_brick_stairs}}, Reference{ResourceKey[minecraft:block / minecraft:stone_stairs]=Block{minecraft:stone_stairs}}, Reference{ResourceKey[minecraft:block / minecraft:smooth_sandstone_stairs]=Block{minecraft:smooth_sandstone_stairs}}, Reference{ResourceKey[minecraft:block / minecraft:smooth_quartz_stairs]=Block{minecraft:smooth_quartz_stairs}}, Reference{ResourceKey[minecraft:block / minecraft:granite_stairs]=Block{minecraft:granite_stairs}}, Reference{ResourceKey[minecraft:block / minecraft:andesite_stairs]=Block{minecraft:andesite_stairs}}, Reference{ResourceKey[minecraft:block / minecraft:red_nether_brick_stairs]=Block{minecraft:red_nether_brick_stairs}}, Reference{ResourceKey[minecraft:block / minecraft:polished_andesite_stairs]=Block{minecraft:polished_andesite_stairs}}, Reference{ResourceKey[minecraft:block / minecraft:diorite_stairs]=Block{minecraft:diorite_stairs}}, Reference{ResourceKey[minecraft:block / minecraft:polished_granite_slab]=Block{minecraft:polished_granite_slab}}, Reference{ResourceKey[minecraft:block / minecraft:smooth_red_sandstone_slab]=Block{minecraft:smooth_red_sandstone_slab}}, Reference{ResourceKey[minecraft:block / minecraft:mossy_stone_brick_slab]=Block{minecraft:mossy_stone_brick_slab}}, Reference{ResourceKey[minecraft:block / minecraft:polished_diorite_slab]=Block{minecraft:polished_diorite_slab}}, Reference{ResourceKey[minecraft:block / minecraft:mossy_cobblestone_slab]=Block{minecraft:mossy_cobblestone_slab}}, Reference{ResourceKey[minecraft:block / minecraft:end_stone_brick_slab]=Block{minecraft:end_stone_brick_slab}}, Reference{ResourceKey[minecraft:block / minecraft:smooth_sandstone_slab]=Block{minecraft:smooth_sandstone_slab}}, Reference{ResourceKey[minecraft:block / minecraft:smooth_quartz_slab]=Block{minecraft:smooth_quartz_slab}}, Reference{ResourceKey[minecraft:block / minecraft:granite_slab]=Block{minecraft:granite_slab}}, Reference{ResourceKey[minecraft:block / minecraft:andesite_slab]=Block{minecraft:andesite_slab}}, Reference{ResourceKey[minecraft:block / minecraft:red_nether_brick_slab]=Block{minecraft:red_nether_brick_slab}}, Reference{ResourceKey[minecraft:block / minecraft:polished_andesite_slab]=Block{minecraft:polished_andesite_slab}}, Reference{ResourceKey[minecraft:block / minecraft:diorite_slab]=Block{minecraft:diorite_slab}}, Reference{ResourceKey[minecraft:block / minecraft:smoker]=Block{minecraft:smoker}}, Reference{ResourceKey[minecraft:block / minecraft:blast_furnace]=Block{minecraft:blast_furnace}}, Reference{ResourceKey[minecraft:block / minecraft:grindstone]=Block{minecraft:grindstone}}, Reference{ResourceKey[minecraft:block / minecraft:stonecutter]=Block{minecraft:stonecutter}}, Reference{ResourceKey[minecraft:block / minecraft:bell]=Block{minecraft:bell}}, Reference{ResourceKey[minecraft:block / minecraft:lantern]=Block{minecraft:lantern}}, Reference{ResourceKey[minecraft:block / minecraft:soul_lantern]=Block{minecraft:soul_lantern}}, Reference{ResourceKey[minecraft:block / minecraft:warped_nylium]=Block{minecraft:warped_nylium}}, Reference{ResourceKey[minecraft:block / minecraft:crimson_nylium]=Block{minecraft:crimson_nylium}}, Reference{ResourceKey[minecraft:block / minecraft:netherite_block]=Block{minecraft:netherite_block}}, Reference{ResourceKey[minecraft:block / minecraft:ancient_debris]=Block{minecraft:ancient_debris}}, Reference{ResourceKey[minecraft:block / minecraft:crying_obsidian]=Block{minecraft:crying_obsidian}}, Reference{ResourceKey[minecraft:block / minecraft:respawn_anchor]=Block{minecraft:respawn_anchor}}, Reference{ResourceKey[minecraft:block / minecraft:lodestone]=Block{minecraft:lodestone}}, Reference{ResourceKey[minecraft:block / minecraft:blackstone]=Block{minecraft:blackstone}}, Reference{ResourceKey[minecraft:block / minecraft:blackstone_stairs]=Block{minecraft:blackstone_stairs}}, Reference{ResourceKey[minecraft:block / minecraft:blackstone_slab]=Block{minecraft:blackstone_slab}}, Reference{ResourceKey[minecraft:block / minecraft:polished_blackstone]=Block{minecraft:polished_blackstone}}, Reference{ResourceKey[minecraft:block / minecraft:polished_blackstone_bricks]=Block{minecraft:polished_blackstone_bricks}}, Reference{ResourceKey[minecraft:block / minecraft:cracked_polished_blackstone_bricks]=Block{minecraft:cracked_polished_blackstone_bricks}}, Reference{ResourceKey[minecraft:block / minecraft:chiseled_polished_blackstone]=Block{minecraft:chiseled_polished_blackstone}}, Reference{ResourceKey[minecraft:block / minecraft:polished_blackstone_brick_slab]=Block{minecraft:polished_blackstone_brick_slab}}, Reference{ResourceKey[minecraft:block / minecraft:polished_blackstone_brick_stairs]=Block{minecraft:polished_blackstone_brick_stairs}}, Reference{ResourceKey[minecraft:block / minecraft:gilded_blackstone]=Block{minecraft:gilded_blackstone}}, Reference{ResourceKey[minecraft:block / minecraft:polished_blackstone_stairs]=Block{minecraft:polished_blackstone_stairs}}, Reference{ResourceKey[minecraft:block / minecraft:polished_blackstone_slab]=Block{minecraft:polished_blackstone_slab}}, Reference{ResourceKey[minecraft:block / minecraft:polished_blackstone_pressure_plate]=Block{minecraft:polished_blackstone_pressure_plate}}, Reference{ResourceKey[minecraft:block / minecraft:chiseled_nether_bricks]=Block{minecraft:chiseled_nether_bricks}}, Reference{ResourceKey[minecraft:block / minecraft:cracked_nether_bricks]=Block{minecraft:cracked_nether_bricks}}, Reference{ResourceKey[minecraft:block / minecraft:quartz_bricks]=Block{minecraft:quartz_bricks}}, Reference{ResourceKey[minecraft:block / minecraft:tuff]=Block{minecraft:tuff}}, Reference{ResourceKey[minecraft:block / minecraft:calcite]=Block{minecraft:calcite}}, Reference{ResourceKey[minecraft:block / minecraft:oxidized_copper]=Block{minecraft:oxidized_copper}}, Reference{ResourceKey[minecraft:block / minecraft:weathered_copper]=Block{minecraft:weathered_copper}}, Reference{ResourceKey[minecraft:block / minecraft:exposed_copper]=Block{minecraft:exposed_copper}}, Reference{ResourceKey[minecraft:block / minecraft:copper_block]=Block{minecraft:copper_block}}, Reference{ResourceKey[minecraft:block / minecraft:copper_ore]=Block{minecraft:copper_ore}}, Reference{ResourceKey[minecraft:block / minecraft:deepslate_copper_ore]=Block{minecraft:deepslate_copper_ore}}, Reference{ResourceKey[minecraft:block / minecraft:oxidized_cut_copper]=Block{minecraft:oxidized_cut_copper}}, Reference{ResourceKey[minecraft:block / minecraft:weathered_cut_copper]=Block{minecraft:weathered_cut_copper}}, Reference{ResourceKey[minecraft:block / minecraft:exposed_cut_copper]=Block{minecraft:exposed_cut_copper}}, Reference{ResourceKey[minecraft:block / minecraft:cut_copper]=Block{minecraft:cut_copper}}, Reference{ResourceKey[minecraft:block / minecraft:oxidized_cut_copper_stairs]=Block{minecraft:oxidized_cut_copper_stairs}}, Reference{ResourceKey[minecraft:block / minecraft:weathered_cut_copper_stairs]=Block{minecraft:weathered_cut_copper_stairs}}, Reference{ResourceKey[minecraft:block / minecraft:exposed_cut_copper_stairs]=Block{minecraft:exposed_cut_copper_stairs}}, Reference{ResourceKey[minecraft:block / minecraft:cut_copper_stairs]=Block{minecraft:cut_copper_stairs}}, Reference{ResourceKey[minecraft:block / minecraft:oxidized_cut_copper_slab]=Block{minecraft:oxidized_cut_copper_slab}}, Reference{ResourceKey[minecraft:block / minecraft:weathered_cut_copper_slab]=Block{minecraft:weathered_cut_copper_slab}}, Reference{ResourceKey[minecraft:block / minecraft:exposed_cut_copper_slab]=Block{minecraft:exposed_cut_copper_slab}}, Reference{ResourceKey[minecraft:block / minecraft:cut_copper_slab]=Block{minecraft:cut_copper_slab}}, Reference{ResourceKey[minecraft:block / minecraft:waxed_copper_block]=Block{minecraft:waxed_copper_block}}, Reference{ResourceKey[minecraft:block / minecraft:waxed_weathered_copper]=Block{minecraft:waxed_weathered_copper}}, Reference{ResourceKey[minecraft:block / minecraft:waxed_exposed_copper]=Block{minecraft:waxed_exposed_copper}}, Reference{ResourceKey[minecraft:block / minecraft:waxed_oxidized_copper]=Block{minecraft:waxed_oxidized_copper}}, Reference{ResourceKey[minecraft:block / minecraft:waxed_oxidized_cut_copper]=Block{minecraft:waxed_oxidized_cut_copper}}, Reference{ResourceKey[minecraft:block / minecraft:waxed_weathered_cut_copper]=Block{minecraft:waxed_weathered_cut_copper}}, Reference{ResourceKey[minecraft:block / minecraft:waxed_exposed_cut_copper]=Block{minecraft:waxed_exposed_cut_copper}}, Reference{ResourceKey[minecraft:block / minecraft:waxed_cut_copper]=Block{minecraft:waxed_cut_copper}}, Reference{ResourceKey[minecraft:block / minecraft:waxed_oxidized_cut_copper_stairs]=Block{minecraft:waxed_oxidized_cut_copper_stairs}}, Reference{ResourceKey[minecraft:block / minecraft:waxed_weathered_cut_copper_stairs]=Block{minecraft:waxed_weathered_cut_copper_stairs}}, Reference{ResourceKey[minecraft:block / minecraft:waxed_exposed_cut_copper_stairs]=Block{minecraft:waxed_exposed_cut_copper_stairs}}, Reference{ResourceKey[minecraft:block / minecraft:waxed_cut_copper_stairs]=Block{minecraft:waxed_cut_copper_stairs}}, Reference{ResourceKey[minecraft:block / minecraft:waxed_oxidized_cut_copper_slab]=Block{minecraft:waxed_oxidized_cut_copper_slab}}, Reference{ResourceKey[minecraft:block / minecraft:waxed_weathered_cut_copper_slab]=Block{minecraft:waxed_weathered_cut_copper_slab}}, Reference{ResourceKey[minecraft:block / minecraft:waxed_exposed_cut_copper_slab]=Block{minecraft:waxed_exposed_cut_copper_slab}}, Reference{ResourceKey[minecraft:block / minecraft:waxed_cut_copper_slab]=Block{minecraft:waxed_cut_copper_slab}}, Reference{ResourceKey[minecraft:block / minecraft:lightning_rod]=Block{minecraft:lightning_rod}}, Reference{ResourceKey[minecraft:block / minecraft:pointed_dripstone]=Block{minecraft:pointed_dripstone}}, Reference{ResourceKey[minecraft:block / minecraft:dripstone_block]=Block{minecraft:dripstone_block}}, Reference{ResourceKey[minecraft:block / minecraft:deepslate]=Block{minecraft:deepslate}}, Reference{ResourceKey[minecraft:block / minecraft:cobbled_deepslate]=Block{minecraft:cobbled_deepslate}}, Reference{ResourceKey[minecraft:block / minecraft:cobbled_deepslate_stairs]=Block{minecraft:cobbled_deepslate_stairs}}, Reference{ResourceKey[minecraft:block / minecraft:cobbled_deepslate_slab]=Block{minecraft:cobbled_deepslate_slab}}, Reference{ResourceKey[minecraft:block / minecraft:polished_deepslate]=Block{minecraft:polished_deepslate}}, Reference{ResourceKey[minecraft:block / minecraft:polished_deepslate_stairs]=Block{minecraft:polished_deepslate_stairs}}, Reference{ResourceKey[minecraft:block / minecraft:polished_deepslate_slab]=Block{minecraft:polished_deepslate_slab}}, Reference{ResourceKey[minecraft:block / minecraft:deepslate_tiles]=Block{minecraft:deepslate_tiles}}, Reference{ResourceKey[minecraft:block / minecraft:deepslate_tile_stairs]=Block{minecraft:deepslate_tile_stairs}}, Reference{ResourceKey[minecraft:block / minecraft:deepslate_tile_slab]=Block{minecraft:deepslate_tile_slab}}, Reference{ResourceKey[minecraft:block / minecraft:deepslate_bricks]=Block{minecraft:deepslate_bricks}}, Reference{ResourceKey[minecraft:block / minecraft:deepslate_brick_stairs]=Block{minecraft:deepslate_brick_stairs}}, Reference{ResourceKey[minecraft:block / minecraft:deepslate_brick_slab]=Block{minecraft:deepslate_brick_slab}}, Reference{ResourceKey[minecraft:block / minecraft:chiseled_deepslate]=Block{minecraft:chiseled_deepslate}}, Reference{ResourceKey[minecraft:block / minecraft:cracked_deepslate_bricks]=Block{minecraft:cracked_deepslate_bricks}}, Reference{ResourceKey[minecraft:block / minecraft:cracked_deepslate_tiles]=Block{minecraft:cracked_deepslate_tiles}}, Reference{ResourceKey[minecraft:block / minecraft:smooth_basalt]=Block{minecraft:smooth_basalt}}, Reference{ResourceKey[minecraft:block / minecraft:raw_iron_block]=Block{minecraft:raw_iron_block}}, Reference{ResourceKey[minecraft:block / minecraft:raw_copper_block]=Block{minecraft:raw_copper_block}}, Reference{ResourceKey[minecraft:block / minecraft:raw_gold_block]=Block{minecraft:raw_gold_block}}, Reference{ResourceKey[minecraft:block / minecraft:ice]=Block{minecraft:ice}}, Reference{ResourceKey[minecraft:block / minecraft:packed_ice]=Block{minecraft:packed_ice}}, Reference{ResourceKey[minecraft:block / minecraft:blue_ice]=Block{minecraft:blue_ice}}, Reference{ResourceKey[minecraft:block / minecraft:piston]=Block{minecraft:piston}}, Reference{ResourceKey[minecraft:block / minecraft:sticky_piston]=Block{minecraft:sticky_piston}}, Reference{ResourceKey[minecraft:block / minecraft:piston_head]=Block{minecraft:piston_head}}, Reference{ResourceKey[minecraft:block / minecraft:amethyst_cluster]=Block{minecraft:amethyst_cluster}}, Reference{ResourceKey[minecraft:block / minecraft:small_amethyst_bud]=Block{minecraft:small_amethyst_bud}}, Reference{ResourceKey[minecraft:block / minecraft:medium_amethyst_bud]=Block{minecraft:medium_amethyst_bud}}, Reference{ResourceKey[minecraft:block / minecraft:large_amethyst_bud]=Block{minecraft:large_amethyst_bud}}, Reference{ResourceKey[minecraft:block / minecraft:amethyst_block]=Block{minecraft:amethyst_block}}, Reference{ResourceKey[minecraft:block / minecraft:budding_amethyst]=Block{minecraft:budding_amethyst}}, Reference{ResourceKey[minecraft:block / minecraft:infested_cobblestone]=Block{minecraft:infested_cobblestone}}, Reference{ResourceKey[minecraft:block / minecraft:infested_chiseled_stone_bricks]=Block{minecraft:infested_chiseled_stone_bricks}}, Reference{ResourceKey[minecraft:block / minecraft:infested_cracked_stone_bricks]=Block{minecraft:infested_cracked_stone_bricks}}, Reference{ResourceKey[minecraft:block / minecraft:infested_deepslate]=Block{minecraft:infested_deepslate}}, Reference{ResourceKey[minecraft:block / minecraft:infested_stone]=Block{minecraft:infested_stone}}, Reference{ResourceKey[minecraft:block / minecraft:infested_mossy_stone_bricks]=Block{minecraft:infested_mossy_stone_bricks}}, Reference{ResourceKey[minecraft:block / minecraft:infested_stone_bricks]=Block{minecraft:infested_stone_bricks}}, Reference{ResourceKey[minecraft:block / minecraft:stone_button]=Block{minecraft:stone_button}}, Reference{ResourceKey[minecraft:block / minecraft:polished_blackstone_button]=Block{minecraft:polished_blackstone_button}}, Reference{ResourceKey[minecraft:block / minecraft:cobblestone_wall]=Block{minecraft:cobblestone_wall}}, Reference{ResourceKey[minecraft:block / minecraft:mossy_cobblestone_wall]=Block{minecraft:mossy_cobblestone_wall}}, Reference{ResourceKey[minecraft:block / minecraft:brick_wall]=Block{minecraft:brick_wall}}, Reference{ResourceKey[minecraft:block / minecraft:prismarine_wall]=Block{minecraft:prismarine_wall}}, Reference{ResourceKey[minecraft:block / minecraft:red_sandstone_wall]=Block{minecraft:red_sandstone_wall}}, Reference{ResourceKey[minecraft:block / minecraft:mossy_stone_brick_wall]=Block{minecraft:mossy_stone_brick_wall}}, Reference{ResourceKey[minecraft:block / minecraft:granite_wall]=Block{minecraft:granite_wall}}, Reference{ResourceKey[minecraft:block / minecraft:stone_brick_wall]=Block{minecraft:stone_brick_wall}}, Reference{ResourceKey[minecraft:block / minecraft:nether_brick_wall]=Block{minecraft:nether_brick_wall}}, Reference{ResourceKey[minecraft:block / minecraft:andesite_wall]=Block{minecraft:andesite_wall}}, Reference{ResourceKey[minecraft:block / minecraft:red_nether_brick_wall]=Block{minecraft:red_nether_brick_wall}}, Reference{ResourceKey[minecraft:block / minecraft:sandstone_wall]=Block{minecraft:sandstone_wall}}, Reference{ResourceKey[minecraft:block / minecraft:end_stone_brick_wall]=Block{minecraft:end_stone_brick_wall}}, Reference{ResourceKey[minecraft:block / minecraft:diorite_wall]=Block{minecraft:diorite_wall}}, Reference{ResourceKey[minecraft:block / minecraft:blackstone_wall]=Block{minecraft:blackstone_wall}}, Reference{ResourceKey[minecraft:block / minecraft:polished_blackstone_brick_wall]=Block{minecraft:polished_blackstone_brick_wall}}, Reference{ResourceKey[minecraft:block / minecraft:polished_blackstone_wall]=Block{minecraft:polished_blackstone_wall}}, Reference{ResourceKey[minecraft:block / minecraft:cobbled_deepslate_wall]=Block{minecraft:cobbled_deepslate_wall}}, Reference{ResourceKey[minecraft:block / minecraft:polished_deepslate_wall]=Block{minecraft:polished_deepslate_wall}}, Reference{ResourceKey[minecraft:block / minecraft:deepslate_tile_wall]=Block{minecraft:deepslate_tile_wall}}, Reference{ResourceKey[minecraft:block / minecraft:deepslate_brick_wall]=Block{minecraft:deepslate_brick_wall}}, Reference{ResourceKey[minecraft:block / minecraft:mud_brick_wall]=Block{minecraft:mud_brick_wall}}, Reference{ResourceKey[minecraft:block / minecraft:tuff_wall]=Block{minecraft:tuff_wall}}, Reference{ResourceKey[minecraft:block / minecraft:polished_tuff_wall]=Block{minecraft:polished_tuff_wall}}, Reference{ResourceKey[minecraft:block / minecraft:tuff_brick_wall]=Block{minecraft:tuff_brick_wall}}, Reference{ResourceKey[minecraft:block / minecraft:shulker_box]=Block{minecraft:shulker_box}}, Reference{ResourceKey[minecraft:block / minecraft:black_shulker_box]=Block{minecraft:black_shulker_box}}, Reference{ResourceKey[minecraft:block / minecraft:blue_shulker_box]=Block{minecraft:blue_shulker_box}}, Reference{ResourceKey[minecraft:block / minecraft:brown_shulker_box]=Block{minecraft:brown_shulker_box}}, Reference{ResourceKey[minecraft:block / minecraft:cyan_shulker_box]=Block{minecraft:cyan_shulker_box}}, Reference{ResourceKey[minecraft:block / minecraft:gray_shulker_box]=Block{minecraft:gray_shulker_box}}, Reference{ResourceKey[minecraft:block / minecraft:green_shulker_box]=Block{minecraft:green_shulker_box}}, Reference{ResourceKey[minecraft:block / minecraft:light_blue_shulker_box]=Block{minecraft:light_blue_shulker_box}}, Reference{ResourceKey[minecraft:block / minecraft:light_gray_shulker_box]=Block{minecraft:light_gray_shulker_box}}, Reference{ResourceKey[minecraft:block / minecraft:lime_shulker_box]=Block{minecraft:lime_shulker_box}}, Reference{ResourceKey[minecraft:block / minecraft:magenta_shulker_box]=Block{minecraft:magenta_shulker_box}}, Reference{ResourceKey[minecraft:block / minecraft:orange_shulker_box]=Block{minecraft:orange_shulker_box}}, Reference{ResourceKey[minecraft:block / minecraft:pink_shulker_box]=Block{minecraft:pink_shulker_box}}, Reference{ResourceKey[minecraft:block / minecraft:purple_shulker_box]=Block{minecraft:purple_shulker_box}}, Reference{ResourceKey[minecraft:block / minecraft:red_shulker_box]=Block{minecraft:red_shulker_box}}, Reference{ResourceKey[minecraft:block / minecraft:white_shulker_box]=Block{minecraft:white_shulker_box}}, Reference{ResourceKey[minecraft:block / minecraft:yellow_shulker_box]=Block{minecraft:yellow_shulker_box}}, Reference{ResourceKey[minecraft:block / minecraft:anvil]=Block{minecraft:anvil}}, Reference{ResourceKey[minecraft:block / minecraft:chipped_anvil]=Block{minecraft:chipped_anvil}}, Reference{ResourceKey[minecraft:block / minecraft:damaged_anvil]=Block{minecraft:damaged_anvil}}, Reference{ResourceKey[minecraft:block / minecraft:cauldron]=Block{minecraft:cauldron}}, Reference{ResourceKey[minecraft:block / minecraft:water_cauldron]=Block{minecraft:water_cauldron}}, Reference{ResourceKey[minecraft:block / minecraft:lava_cauldron]=Block{minecraft:lava_cauldron}}, Reference{ResourceKey[minecraft:block / minecraft:powder_snow_cauldron]=Block{minecraft:powder_snow_cauldron}}, Reference{ResourceKey[minecraft:block / minecraft:rail]=Block{minecraft:rail}}, Reference{ResourceKey[minecraft:block / minecraft:powered_rail]=Block{minecraft:powered_rail}}, Reference{ResourceKey[minecraft:block / minecraft:detector_rail]=Block{minecraft:detector_rail}}, Reference{ResourceKey[minecraft:block / minecraft:activator_rail]=Block{minecraft:activator_rail}}, Reference{ResourceKey[minecraft:block / minecraft:conduit]=Block{minecraft:conduit}}, Reference{ResourceKey[minecraft:block / minecraft:mud_bricks]=Block{minecraft:mud_bricks}}, Reference{ResourceKey[minecraft:block / minecraft:mud_brick_stairs]=Block{minecraft:mud_brick_stairs}}, Reference{ResourceKey[minecraft:block / minecraft:mud_brick_slab]=Block{minecraft:mud_brick_slab}}, Reference{ResourceKey[minecraft:block / minecraft:packed_mud]=Block{minecraft:packed_mud}}, Reference{ResourceKey[minecraft:block / minecraft:crafter]=Block{minecraft:crafter}}, Reference{ResourceKey[minecraft:block / minecraft:tuff_slab]=Block{minecraft:tuff_slab}}, Reference{ResourceKey[minecraft:block / minecraft:tuff_stairs]=Block{minecraft:tuff_stairs}}, Reference{ResourceKey[minecraft:block / minecraft:chiseled_tuff]=Block{minecraft:chiseled_tuff}}, Reference{ResourceKey[minecraft:block / minecraft:polished_tuff]=Block{minecraft:polished_tuff}}, Reference{ResourceKey[minecraft:block / minecraft:polished_tuff_slab]=Block{minecraft:polished_tuff_slab}}, Reference{ResourceKey[minecraft:block / minecraft:polished_tuff_stairs]=Block{minecraft:polished_tuff_stairs}}, Reference{ResourceKey[minecraft:block / minecraft:tuff_bricks]=Block{minecraft:tuff_bricks}}, Reference{ResourceKey[minecraft:block / minecraft:tuff_brick_slab]=Block{minecraft:tuff_brick_slab}}, Reference{ResourceKey[minecraft:block / minecraft:tuff_brick_stairs]=Block{minecraft:tuff_brick_stairs}}, Reference{ResourceKey[minecraft:block / minecraft:chiseled_tuff_bricks]=Block{minecraft:chiseled_tuff_bricks}}, Reference{ResourceKey[minecraft:block / minecraft:chiseled_copper]=Block{minecraft:chiseled_copper}}, Reference{ResourceKey[minecraft:block / minecraft:exposed_chiseled_copper]=Block{minecraft:exposed_chiseled_copper}}, Reference{ResourceKey[minecraft:block / minecraft:weathered_chiseled_copper]=Block{minecraft:weathered_chiseled_copper}}, Reference{ResourceKey[minecraft:block / minecraft:oxidized_chiseled_copper]=Block{minecraft:oxidized_chiseled_copper}}, Reference{ResourceKey[minecraft:block / minecraft:waxed_chiseled_copper]=Block{minecraft:waxed_chiseled_copper}}, Reference{ResourceKey[minecraft:block / minecraft:waxed_exposed_chiseled_copper]=Block{minecraft:waxed_exposed_chiseled_copper}}, Reference{ResourceKey[minecraft:block / minecraft:waxed_weathered_chiseled_copper]=Block{minecraft:waxed_weathered_chiseled_copper}}, Reference{ResourceKey[minecraft:block / minecraft:waxed_oxidized_chiseled_copper]=Block{minecraft:waxed_oxidized_chiseled_copper}}, Reference{ResourceKey[minecraft:block / minecraft:copper_grate]=Block{minecraft:copper_grate}}, Reference{ResourceKey[minecraft:block / minecraft:exposed_copper_grate]=Block{minecraft:exposed_copper_grate}}, Reference{ResourceKey[minecraft:block / minecraft:weathered_copper_grate]=Block{minecraft:weathered_copper_grate}}, Reference{ResourceKey[minecraft:block / minecraft:oxidized_copper_grate]=Block{minecraft:oxidized_copper_grate}}, Reference{ResourceKey[minecraft:block / minecraft:waxed_copper_grate]=Block{minecraft:waxed_copper_grate}}, Reference{ResourceKey[minecraft:block / minecraft:waxed_exposed_copper_grate]=Block{minecraft:waxed_exposed_copper_grate}}, Reference{ResourceKey[minecraft:block / minecraft:waxed_weathered_copper_grate]=Block{minecraft:waxed_weathered_copper_grate}}, Reference{ResourceKey[minecraft:block / minecraft:waxed_oxidized_copper_grate]=Block{minecraft:waxed_oxidized_copper_grate}}, Reference{ResourceKey[minecraft:block / minecraft:copper_bulb]=Block{minecraft:copper_bulb}}, Reference{ResourceKey[minecraft:block / minecraft:exposed_copper_bulb]=Block{minecraft:exposed_copper_bulb}}, Reference{ResourceKey[minecraft:block / minecraft:weathered_copper_bulb]=Block{minecraft:weathered_copper_bulb}}, Reference{ResourceKey[minecraft:block / minecraft:oxidized_copper_bulb]=Block{minecraft:oxidized_copper_bulb}}, Reference{ResourceKey[minecraft:block / minecraft:waxed_copper_bulb]=Block{minecraft:waxed_copper_bulb}}, Reference{ResourceKey[minecraft:block / minecraft:waxed_exposed_copper_bulb]=Block{minecraft:waxed_exposed_copper_bulb}}, Reference{ResourceKey[minecraft:block / minecraft:waxed_weathered_copper_bulb]=Block{minecraft:waxed_weathered_copper_bulb}}, Reference{ResourceKey[minecraft:block / minecraft:waxed_oxidized_copper_bulb]=Block{minecraft:waxed_oxidized_copper_bulb}}, Reference{ResourceKey[minecraft:block / minecraft:copper_door]=Block{minecraft:copper_door}}, Reference{ResourceKey[minecraft:block / minecraft:exposed_copper_door]=Block{minecraft:exposed_copper_door}}, Reference{ResourceKey[minecraft:block / minecraft:weathered_copper_door]=Block{minecraft:weathered_copper_door}}, Reference{ResourceKey[minecraft:block / minecraft:oxidized_copper_door]=Block{minecraft:oxidized_copper_door}}, Reference{ResourceKey[minecraft:block / minecraft:waxed_copper_door]=Block{minecraft:waxed_copper_door}}, Reference{ResourceKey[minecraft:block / minecraft:waxed_exposed_copper_door]=Block{minecraft:waxed_exposed_copper_door}}, Reference{ResourceKey[minecraft:block / minecraft:waxed_weathered_copper_door]=Block{minecraft:waxed_weathered_copper_door}}, Reference{ResourceKey[minecraft:block / minecraft:waxed_oxidized_copper_door]=Block{minecraft:waxed_oxidized_copper_door}}, Reference{ResourceKey[minecraft:block / minecraft:copper_trapdoor]=Block{minecraft:copper_trapdoor}}, Reference{ResourceKey[minecraft:block / minecraft:exposed_copper_trapdoor]=Block{minecraft:exposed_copper_trapdoor}}, Reference{ResourceKey[minecraft:block / minecraft:weathered_copper_trapdoor]=Block{minecraft:weathered_copper_trapdoor}}, Reference{ResourceKey[minecraft:block / minecraft:oxidized_copper_trapdoor]=Block{minecraft:oxidized_copper_trapdoor}}, Reference{ResourceKey[minecraft:block / minecraft:waxed_copper_trapdoor]=Block{minecraft:waxed_copper_trapdoor}}, Reference{ResourceKey[minecraft:block / minecraft:waxed_exposed_copper_trapdoor]=Block{minecraft:waxed_exposed_copper_trapdoor}}, Reference{ResourceKey[minecraft:block / minecraft:waxed_weathered_copper_trapdoor]=Block{minecraft:waxed_weathered_copper_trapdoor}}, Reference{ResourceKey[minecraft:block / minecraft:waxed_oxidized_copper_trapdoor]=Block{minecraft:waxed_oxidized_copper_trapdoor}}, Reference{ResourceKey[minecraft:block / minecraft:heavy_core]=Block{minecraft:heavy_core}}, Reference{ResourceKey[minecraft:block / britannia_mod:custom_sandstone_brick]=Block{britannia_mod:custom_sandstone_brick}}, Reference{ResourceKey[minecraft:block / britannia_mod:custom_sandstone_brick_stairs_0]=Block{britannia_mod:custom_sandstone_brick_stairs_0}}, Reference{ResourceKey[minecraft:block / britannia_mod:custom_sandstone_brick_stairs_1]=Block{britannia_mod:custom_sandstone_brick_stairs_1}}, Reference{ResourceKey[minecraft:block / britannia_mod:custom_sandstone_brick_stairs_2]=Block{britannia_mod:custom_sandstone_brick_stairs_2}}, Reference{ResourceKey[minecraft:block / britannia_mod:custom_sandstone_brick_stairs_3]=Block{britannia_mod:custom_sandstone_brick_stairs_3}}, Reference{ResourceKey[minecraft:block / britannia_mod:light_sandstone_paver]=Block{britannia_mod:light_sandstone_paver}}, Reference{ResourceKey[minecraft:block / britannia_mod:dark_sandstone_paver]=Block{britannia_mod:dark_sandstone_paver}}, Reference{ResourceKey[minecraft:block / britannia_mod:slate_roof_flat]=Block{britannia_mod:slate_roof_flat}}, Reference{ResourceKey[minecraft:block / britannia_mod:sandstone_roof]=Block{britannia_mod:sandstone_roof}}, Reference{ResourceKey[minecraft:block / britannia_mod:limestone_roof]=Block{britannia_mod:limestone_roof}}, Reference{ResourceKey[minecraft:block / britannia_mod:ornate_sandstone_wall]=Block{britannia_mod:ornate_sandstone_wall}}, Reference{ResourceKey[minecraft:block / britannia_mod:regular_sandstone_wall]=Block{britannia_mod:regular_sandstone_wall}}, Reference{ResourceKey[minecraft:block / britannia_mod:sandstone_block_wall]=Block{britannia_mod:sandstone_block_wall}}, Reference{ResourceKey[minecraft:block / britannia_mod:ornate_sandstone_window]=Block{britannia_mod:ornate_sandstone_window}}, Reference{ResourceKey[minecraft:block / britannia_mod:sandstone_window]=Block{britannia_mod:sandstone_window}}, Reference{ResourceKey[minecraft:block / britannia_mod:sandstone_post]=Block{britannia_mod:sandstone_post}}, Reference{ResourceKey[minecraft:block / britannia_mod:ornate_sandstone_post]=Block{britannia_mod:ornate_sandstone_post}}, Reference{ResourceKey[minecraft:block / britannia_mod:sandstone_battlement]=Block{britannia_mod:sandstone_battlement}}, Reference{ResourceKey[minecraft:block / britannia_mod:sandstone_column]=Block{britannia_mod:sandstone_column}}, Reference{ResourceKey[minecraft:block / britannia_mod:pewter_mug]=Block{britannia_mod:pewter_mug}}, Reference{ResourceKey[minecraft:block / britannia_mod:kettle]=Block{britannia_mod:kettle}}, Reference{ResourceKey[minecraft:block / britannia_mod:plates_and_silverware]=Block{britannia_mod:plates_and_silverware}}, Reference{ResourceKey[minecraft:block / britannia_mod:fountain]=Block{britannia_mod:fountain}}, Reference{ResourceKey[minecraft:block / britannia_mod:water_well]=Block{britannia_mod:water_well}}, Reference{ResourceKey[minecraft:block / britannia_mod:brick_foundation_oak]=Block{britannia_mod:brick_foundation_oak}}, Reference{ResourceKey[minecraft:block / britannia_mod:brick_foundation_spruce]=Block{britannia_mod:brick_foundation_spruce}}, Reference{ResourceKey[minecraft:block / britannia_mod:brick_foundation_sandstone]=Block{britannia_mod:brick_foundation_sandstone}}, Reference{ResourceKey[minecraft:block / britannia_mod:brick_foundation_dark_sandstone]=Block{britannia_mod:brick_foundation_dark_sandstone}}, Reference{ResourceKey[minecraft:block / britannia_mod:brick_foundation_flagstone]=Block{britannia_mod:brick_foundation_flagstone}}, Reference{ResourceKey[minecraft:block / britannia_mod:flagstone]=Block{britannia_mod:flagstone}}]], speed=Optional[6.0], correctForDrops=Optional[true]]], defaultMiningSpeed=1.0, damagePerBlock=1], minecraft:repair_cost=>0, minecraft:rarity=>COMMON, minecraft:max_stack_size=>1, minecraft:attribute_modifiers=>ItemAttributeModifiers[modifiers=[], showInTooltip=true], minecraft:max_damage=>250, minecraft:enchantments=>ItemEnchantments{enchantments={}, showInTooltip=true}, minecraft:lore=>ItemLore[lines=[], styledLines=[]]}
[10:21:10] [Server thread/INFO] [co.se.br.ev.ChestHandler/]: Chest at BlockPos{x=4560, y=143, z=4185} initialized with A rusted Iron Pickaxe facing south
[10:21:11] [Server thread/INFO] [co.se.br.ev.ChestHandler/]: Validated ItemStack with components: {minecraft:custom_name=>literal{Seggellion's Axe}, minecraft:damage=>250, minecraft:tool=>Tool[rules=[Rule[blocks=NamedSet(TagKey[minecraft:block / minecraft:incorrect_for_iron_tool])[[Reference{ResourceKey[minecraft:block / minecraft:obsidian]=Block{minecraft:obsidian}}, Reference{ResourceKey[minecraft:block / minecraft:crying_obsidian]=Block{minecraft:crying_obsidian}}, Reference{ResourceKey[minecraft:block / minecraft:netherite_block]=Block{minecraft:netherite_block}}, Reference{ResourceKey[minecraft:block / minecraft:respawn_anchor]=Block{minecraft:respawn_anchor}}, Reference{ResourceKey[minecraft:block / minecraft:ancient_debris]=Block{minecraft:ancient_debris}}]], speed=Optional.empty, correctForDrops=Optional[false]], Rule[blocks=NamedSet(TagKey[minecraft:block / minecraft:mineable/axe])[[Reference{ResourceKey[minecraft:block / minecraft:note_block]=Block{minecraft:note_block}}, Reference{ResourceKey[minecraft:block / minecraft:attached_melon_stem]=Block{minecraft:attached_melon_stem}}, Reference{ResourceKey[minecraft:block / minecraft:attached_pumpkin_stem]=Block{minecraft:attached_pumpkin_stem}}, Reference{ResourceKey[minecraft:block / minecraft:azalea]=Block{minecraft:azalea}}, Reference{ResourceKey[minecraft:block / minecraft:bamboo]=Block{minecraft:bamboo}}, Reference{ResourceKey[minecraft:block / minecraft:barrel]=Block{minecraft:barrel}}, Reference{ResourceKey[minecraft:block / minecraft:bee_nest]=Block{minecraft:bee_nest}}, Reference{ResourceKey[minecraft:block / minecraft:beehive]=Block{minecraft:beehive}}, Reference{ResourceKey[minecraft:block / minecraft:beetroots]=Block{minecraft:beetroots}}, Reference{ResourceKey[minecraft:block / minecraft:big_dripleaf_stem]=Block{minecraft:big_dripleaf_stem}}, Reference{ResourceKey[minecraft:block / minecraft:big_dripleaf]=Block{minecraft:big_dripleaf}}, Reference{ResourceKey[minecraft:block / minecraft:bookshelf]=Block{minecraft:bookshelf}}, Reference{ResourceKey[minecraft:block / minecraft:brown_mushroom_block]=Block{minecraft:brown_mushroom_block}}, Reference{ResourceKey[minecraft:block / minecraft:brown_mushroom]=Block{minecraft:brown_mushroom}}, Reference{ResourceKey[minecraft:block / minecraft:campfire]=Block{minecraft:campfire}}, Reference{ResourceKey[minecraft:block / minecraft:carrots]=Block{minecraft:carrots}}, Reference{ResourceKey[minecraft:block / minecraft:cartography_table]=Block{minecraft:cartography_table}}, Reference{ResourceKey[minecraft:block / minecraft:carved_pumpkin]=Block{minecraft:carved_pumpkin}}, Reference{ResourceKey[minecraft:block / minecraft:cave_vines_plant]=Block{minecraft:cave_vines_plant}}, Reference{ResourceKey[minecraft:block / minecraft:cave_vines]=Block{minecraft:cave_vines}}, Reference{ResourceKey[minecraft:block / minecraft:chest]=Block{minecraft:chest}}, Reference{ResourceKey[minecraft:block / minecraft:chorus_flower]=Block{minecraft:chorus_flower}}, Reference{ResourceKey[minecraft:block / minecraft:chorus_plant]=Block{minecraft:chorus_plant}}, Reference{ResourceKey[minecraft:block / minecraft:cocoa]=Block{minecraft:cocoa}}, Reference{ResourceKey[minecraft:block / minecraft:composter]=Block{minecraft:composter}}, Reference{ResourceKey[minecraft:block / minecraft:crafting_table]=Block{minecraft:crafting_table}}, Reference{ResourceKey[minecraft:block / minecraft:crimson_fungus]=Block{minecraft:crimson_fungus}}, Reference{ResourceKey[minecraft:block / minecraft:daylight_detector]=Block{minecraft:daylight_detector}}, Reference{ResourceKey[minecraft:block / minecraft:dead_bush]=Block{minecraft:dead_bush}}, Reference{ResourceKey[minecraft:block / minecraft:fern]=Block{minecraft:fern}}, Reference{ResourceKey[minecraft:block / minecraft:fletching_table]=Block{minecraft:fletching_table}}, Reference{ResourceKey[minecraft:block / minecraft:glow_lichen]=Block{minecraft:glow_lichen}}, Reference{ResourceKey[minecraft:block / minecraft:short_grass]=Block{minecraft:short_grass}}, Reference{ResourceKey[minecraft:block / minecraft:hanging_roots]=Block{minecraft:hanging_roots}}, Reference{ResourceKey[minecraft:block / minecraft:jack_o_lantern]=Block{minecraft:jack_o_lantern}}, Reference{ResourceKey[minecraft:block / minecraft:jukebox]=Block{minecraft:jukebox}}, Reference{ResourceKey[minecraft:block / minecraft:ladder]=Block{minecraft:ladder}}, Reference{ResourceKey[minecraft:block / minecraft:large_fern]=Block{minecraft:large_fern}}, Reference{ResourceKey[minecraft:block / minecraft:lectern]=Block{minecraft:lectern}}, Reference{ResourceKey[minecraft:block / minecraft:lily_pad]=Block{minecraft:lily_pad}}, Reference{ResourceKey[minecraft:block / minecraft:loom]=Block{minecraft:loom}}, Reference{ResourceKey[minecraft:block / minecraft:melon_stem]=Block{minecraft:melon_stem}}, Reference{ResourceKey[minecraft:block / minecraft:melon]=Block{minecraft:melon}}, Reference{ResourceKey[minecraft:block / minecraft:mushroom_stem]=Block{minecraft:mushroom_stem}}, Reference{ResourceKey[minecraft:block / minecraft:nether_wart]=Block{minecraft:nether_wart}}, Reference{ResourceKey[minecraft:block / minecraft:potatoes]=Block{minecraft:potatoes}}, Reference{ResourceKey[minecraft:block / minecraft:pumpkin_stem]=Block{minecraft:pumpkin_stem}}, Reference{ResourceKey[minecraft:block / minecraft:pumpkin]=Block{minecraft:pumpkin}}, Reference{ResourceKey[minecraft:block / minecraft:red_mushroom_block]=Block{minecraft:red_mushroom_block}}, Reference{ResourceKey[minecraft:block / minecraft:red_mushroom]=Block{minecraft:red_mushroom}}, Reference{ResourceKey[minecraft:block / minecraft:scaffolding]=Block{minecraft:scaffolding}}, Reference{ResourceKey[minecraft:block / minecraft:small_dripleaf]=Block{minecraft:small_dripleaf}}, Reference{ResourceKey[minecraft:block / minecraft:smithing_table]=Block{minecraft:smithing_table}}, Reference{ResourceKey[minecraft:block / minecraft:soul_campfire]=Block{minecraft:soul_campfire}}, Reference{ResourceKey[minecraft:block / minecraft:spore_blossom]=Block{minecraft:spore_blossom}}, Reference{ResourceKey[minecraft:block / minecraft:sugar_cane]=Block{minecraft:sugar_cane}}, Reference{ResourceKey[minecraft:block / minecraft:sweet_berry_bush]=Block{minecraft:sweet_berry_bush}}, Reference{ResourceKey[minecraft:block / minecraft:tall_grass]=Block{minecraft:tall_grass}}, Reference{ResourceKey[minecraft:block / minecraft:trapped_chest]=Block{minecraft:trapped_chest}}, Reference{ResourceKey[minecraft:block / minecraft:twisting_vines_plant]=Block{minecraft:twisting_vines_plant}}, Reference{ResourceKey[minecraft:block / minecraft:twisting_vines]=Block{minecraft:twisting_vines}}, Reference{ResourceKey[minecraft:block / minecraft:vine]=Block{minecraft:vine}}, Reference{ResourceKey[minecraft:block / minecraft:warped_fungus]=Block{minecraft:warped_fungus}}, Reference{ResourceKey[minecraft:block / minecraft:weeping_vines_plant]=Block{minecraft:weeping_vines_plant}}, Reference{ResourceKey[minecraft:block / minecraft:weeping_vines]=Block{minecraft:weeping_vines}}, Reference{ResourceKey[minecraft:block / minecraft:wheat]=Block{minecraft:wheat}}, Reference{ResourceKey[minecraft:block / minecraft:white_banner]=Block{minecraft:white_banner}}, Reference{ResourceKey[minecraft:block / minecraft:orange_banner]=Block{minecraft:orange_banner}}, Reference{ResourceKey[minecraft:block / minecraft:magenta_banner]=Block{minecraft:magenta_banner}}, Reference{ResourceKey[minecraft:block / minecraft:light_blue_banner]=Block{minecraft:light_blue_banner}}, Reference{ResourceKey[minecraft:block / minecraft:yellow_banner]=Block{minecraft:yellow_banner}}, Reference{ResourceKey[minecraft:block / minecraft:lime_banner]=Block{minecraft:lime_banner}}, Reference{ResourceKey[minecraft:block / minecraft:pink_banner]=Block{minecraft:pink_banner}}, Reference{ResourceKey[minecraft:block / minecraft:gray_banner]=Block{minecraft:gray_banner}}, Reference{ResourceKey[minecraft:block / minecraft:light_gray_banner]=Block{minecraft:light_gray_banner}}, Reference{ResourceKey[minecraft:block / minecraft:cyan_banner]=Block{minecraft:cyan_banner}}, Reference{ResourceKey[minecraft:block / minecraft:purple_banner]=Block{minecraft:purple_banner}}, Reference{ResourceKey[minecraft:block / minecraft:blue_banner]=Block{minecraft:blue_banner}}, Reference{ResourceKey[minecraft:block / minecraft:brown_banner]=Block{minecraft:brown_banner}}, Reference{ResourceKey[minecraft:block / minecraft:green_banner]=Block{minecraft:green_banner}}, Reference{ResourceKey[minecraft:block / minecraft:red_banner]=Block{minecraft:red_banner}}, Reference{ResourceKey[minecraft:block / minecraft:black_banner]=Block{minecraft:black_banner}}, Reference{ResourceKey[minecraft:block / minecraft:white_wall_banner]=Block{minecraft:white_wall_banner}}, Reference{ResourceKey[minecraft:block / minecraft:orange_wall_banner]=Block{minecraft:orange_wall_banner}}, Reference{ResourceKey[minecraft:block / minecraft:magenta_wall_banner]=Block{minecraft:magenta_wall_banner}}, Reference{ResourceKey[minecraft:block / minecraft:light_blue_wall_banner]=Block{minecraft:light_blue_wall_banner}}, Reference{ResourceKey[minecraft:block / minecraft:yellow_wall_banner]=Block{minecraft:yellow_wall_banner}}, Reference{ResourceKey[minecraft:block / minecraft:lime_wall_banner]=Block{minecraft:lime_wall_banner}}, Reference{ResourceKey[minecraft:block / minecraft:pink_wall_banner]=Block{minecraft:pink_wall_banner}}, Reference{ResourceKey[minecraft:block / minecraft:gray_wall_banner]=Block{minecraft:gray_wall_banner}}, Reference{ResourceKey[minecraft:block / minecraft:light_gray_wall_banner]=Block{minecraft:light_gray_wall_banner}}, Reference{ResourceKey[minecraft:block / minecraft:cyan_wall_banner]=Block{minecraft:cyan_wall_banner}}, Reference{ResourceKey[minecraft:block / minecraft:purple_wall_banner]=Block{minecraft:purple_wall_banner}}, Reference{ResourceKey[minecraft:block / minecraft:blue_wall_banner]=Block{minecraft:blue_wall_banner}}, Reference{ResourceKey[minecraft:block / minecraft:brown_wall_banner]=Block{minecraft:brown_wall_banner}}, Reference{ResourceKey[minecraft:block / minecraft:green_wall_banner]=Block{minecraft:green_wall_banner}}, Reference{ResourceKey[minecraft:block / minecraft:red_wall_banner]=Block{minecraft:red_wall_banner}}, Reference{ResourceKey[minecraft:block / minecraft:black_wall_banner]=Block{minecraft:black_wall_banner}}, Reference{ResourceKey[minecraft:block / minecraft:acacia_fence_gate]=Block{minecraft:acacia_fence_gate}}, Reference{ResourceKey[minecraft:block / minecraft:birch_fence_gate]=Block{minecraft:birch_fence_gate}}, Reference{ResourceKey[minecraft:block / minecraft:dark_oak_fence_gate]=Block{minecraft:dark_oak_fence_gate}}, Reference{ResourceKey[minecraft:block / minecraft:jungle_fence_gate]=Block{minecraft:jungle_fence_gate}}, Reference{ResourceKey[minecraft:block / minecraft:oak_fence_gate]=Block{minecraft:oak_fence_gate}}, Reference{ResourceKey[minecraft:block / minecraft:spruce_fence_gate]=Block{minecraft:spruce_fence_gate}}, Reference{ResourceKey[minecraft:block / minecraft:crimson_fence_gate]=Block{minecraft:crimson_fence_gate}}, Reference{ResourceKey[minecraft:block / minecraft:warped_fence_gate]=Block{minecraft:warped_fence_gate}}, Reference{ResourceKey[minecraft:block / minecraft:mangrove_fence_gate]=Block{minecraft:mangrove_fence_gate}}, Reference{ResourceKey[minecraft:block / minecraft:bamboo_fence_gate]=Block{minecraft:bamboo_fence_gate}}, Reference{ResourceKey[minecraft:block / minecraft:cherry_fence_gate]=Block{minecraft:cherry_fence_gate}}, Reference{ResourceKey[minecraft:block / minecraft:dark_oak_log]=Block{minecraft:dark_oak_log}}, Reference{ResourceKey[minecraft:block / minecraft:dark_oak_wood]=Block{minecraft:dark_oak_wood}}, Reference{ResourceKey[minecraft:block / minecraft:stripped_dark_oak_log]=Block{minecraft:stripped_dark_oak_log}}, Reference{ResourceKey[minecraft:block / minecraft:stripped_dark_oak_wood]=Block{minecraft:stripped_dark_oak_wood}}, Reference{ResourceKey[minecraft:block / minecraft:oak_log]=Block{minecraft:oak_log}}, Reference{ResourceKey[minecraft:block / minecraft:oak_wood]=Block{minecraft:oak_wood}}, Reference{ResourceKey[minecraft:block / minecraft:stripped_oak_log]=Block{minecraft:stripped_oak_log}}, Reference{ResourceKey[minecraft:block / minecraft:stripped_oak_wood]=Block{minecraft:stripped_oak_wood}}, Reference{ResourceKey[minecraft:block / minecraft:acacia_log]=Block{minecraft:acacia_log}}, Reference{ResourceKey[minecraft:block / minecraft:acacia_wood]=Block{minecraft:acacia_wood}}, Reference{ResourceKey[minecraft:block / minecraft:stripped_acacia_log]=Block{minecraft:stripped_acacia_log}}, Reference{ResourceKey[minecraft:block / minecraft:stripped_acacia_wood]=Block{minecraft:stripped_acacia_wood}}, Reference{ResourceKey[minecraft:block / minecraft:birch_log]=Block{minecraft:birch_log}}, Reference{ResourceKey[minecraft:block / minecraft:birch_wood]=Block{minecraft:birch_wood}}, Reference{ResourceKey[minecraft:block / minecraft:stripped_birch_log]=Block{minecraft:stripped_birch_log}}, Reference{ResourceKey[minecraft:block / minecraft:stripped_birch_wood]=Block{minecraft:stripped_birch_wood}}, Reference{ResourceKey[minecraft:block / minecraft:jungle_log]=Block{minecraft:jungle_log}}, Reference{ResourceKey[minecraft:block / minecraft:jungle_wood]=Block{minecraft:jungle_wood}}, Reference{ResourceKey[minecraft:block / minecraft:stripped_jungle_log]=Block{minecraft:stripped_jungle_log}}, Reference{ResourceKey[minecraft:block / minecraft:stripped_jungle_wood]=Block{minecraft:stripped_jungle_wood}}, Reference{ResourceKey[minecraft:block / minecraft:spruce_log]=Block{minecraft:spruce_log}}, Reference{ResourceKey[minecraft:block / minecraft:spruce_wood]=Block{minecraft:spruce_wood}}, Reference{ResourceKey[minecraft:block / minecraft:stripped_spruce_log]=Block{minecraft:stripped_spruce_log}}, Reference{ResourceKey[minecraft:block / minecraft:stripped_spruce_wood]=Block{minecraft:stripped_spruce_wood}}, Reference{ResourceKey[minecraft:block / minecraft:mangrove_log]=Block{minecraft:mangrove_log}}, Reference{ResourceKey[minecraft:block / minecraft:mangrove_wood]=Block{minecraft:mangrove_wood}}, Reference{ResourceKey[minecraft:block / minecraft:stripped_mangrove_log]=Block{minecraft:stripped_mangrove_log}}, Reference{ResourceKey[minecraft:block / minecraft:stripped_mangrove_wood]=Block{minecraft:stripped_mangrove_wood}}, Reference{ResourceKey[minecraft:block / minecraft:cherry_log]=Block{minecraft:cherry_log}}, Reference{ResourceKey[minecraft:block / minecraft:cherry_wood]=Block{minecraft:cherry_wood}}, Reference{ResourceKey[minecraft:block / minecraft:stripped_cherry_log]=Block{minecraft:stripped_cherry_log}}, Reference{ResourceKey[minecraft:block / minecraft:stripped_cherry_wood]=Block{minecraft:stripped_cherry_wood}}, Reference{ResourceKey[minecraft:block / minecraft:crimson_stem]=Block{minecraft:crimson_stem}}, Reference{ResourceKey[minecraft:block / minecraft:stripped_crimson_stem]=Block{minecraft:stripped_crimson_stem}}, Reference{ResourceKey[minecraft:block / minecraft:crimson_hyphae]=Block{minecraft:crimson_hyphae}}, Reference{ResourceKey[minecraft:block / minecraft:stripped_crimson_hyphae]=Block{minecraft:stripped_crimson_hyphae}}, Reference{ResourceKey[minecraft:block / minecraft:warped_stem]=Block{minecraft:warped_stem}}, Reference{ResourceKey[minecraft:block / minecraft:stripped_warped_stem]=Block{minecraft:stripped_warped_stem}}, Reference{ResourceKey[minecraft:block / minecraft:warped_hyphae]=Block{minecraft:warped_hyphae}}, Reference{ResourceKey[minecraft:block / minecraft:stripped_warped_hyphae]=Block{minecraft:stripped_warped_hyphae}}, Reference{ResourceKey[minecraft:block / minecraft:oak_planks]=Block{minecraft:oak_planks}}, Reference{ResourceKey[minecraft:block / minecraft:spruce_planks]=Block{minecraft:spruce_planks}}, Reference{ResourceKey[minecraft:block / minecraft:birch_planks]=Block{minecraft:birch_planks}}, Reference{ResourceKey[minecraft:block / minecraft:jungle_planks]=Block{minecraft:jungle_planks}}, Reference{ResourceKey[minecraft:block / minecraft:acacia_planks]=Block{minecraft:acacia_planks}}, Reference{ResourceKey[minecraft:block / minecraft:dark_oak_planks]=Block{minecraft:dark_oak_planks}}, Reference{ResourceKey[minecraft:block / minecraft:crimson_planks]=Block{minecraft:crimson_planks}}, Reference{ResourceKey[minecraft:block / minecraft:warped_planks]=Block{minecraft:warped_planks}}, Reference{ResourceKey[minecraft:block / minecraft:mangrove_planks]=Block{minecraft:mangrove_planks}}, Reference{ResourceKey[minecraft:block / minecraft:bamboo_planks]=Block{minecraft:bamboo_planks}}, Reference{ResourceKey[minecraft:block / minecraft:cherry_planks]=Block{minecraft:cherry_planks}}, Reference{ResourceKey[minecraft:block / minecraft:oak_sapling]=Block{minecraft:oak_sapling}}, Reference{ResourceKey[minecraft:block / minecraft:spruce_sapling]=Block{minecraft:spruce_sapling}}, Reference{ResourceKey[minecraft:block / minecraft:birch_sapling]=Block{minecraft:birch_sapling}}, Reference{ResourceKey[minecraft:block / minecraft:jungle_sapling]=Block{minecraft:jungle_sapling}}, Reference{ResourceKey[minecraft:block / minecraft:acacia_sapling]=Block{minecraft:acacia_sapling}}, Reference{ResourceKey[minecraft:block / minecraft:dark_oak_sapling]=Block{minecraft:dark_oak_sapling}}, Reference{ResourceKey[minecraft:block / minecraft:flowering_azalea]=Block{minecraft:flowering_azalea}}, Reference{ResourceKey[minecraft:block / minecraft:mangrove_propagule]=Block{minecraft:mangrove_propagule}}, Reference{ResourceKey[minecraft:block / minecraft:cherry_sapling]=Block{minecraft:cherry_sapling}}, Reference{ResourceKey[minecraft:block / minecraft:oak_sign]=Block{minecraft:oak_sign}}, Reference{ResourceKey[minecraft:block / minecraft:spruce_sign]=Block{minecraft:spruce_sign}}, Reference{ResourceKey[minecraft:block / minecraft:birch_sign]=Block{minecraft:birch_sign}}, Reference{ResourceKey[minecraft:block / minecraft:acacia_sign]=Block{minecraft:acacia_sign}}, Reference{ResourceKey[minecraft:block / minecraft:jungle_sign]=Block{minecraft:jungle_sign}}, Reference{ResourceKey[minecraft:block / minecraft:dark_oak_sign]=Block{minecraft:dark_oak_sign}}, Reference{ResourceKey[minecraft:block / minecraft:crimson_sign]=Block{minecraft:crimson_sign}}, Reference{ResourceKey[minecraft:block / minecraft:warped_sign]=Block{minecraft:warped_sign}}, Reference{ResourceKey[minecraft:block / minecraft:mangrove_sign]=Block{minecraft:mangrove_sign}}, Reference{ResourceKey[minecraft:block / minecraft:bamboo_sign]=Block{minecraft:bamboo_sign}}, Reference{ResourceKey[minecraft:block / minecraft:cherry_sign]=Block{minecraft:cherry_sign}}, Reference{ResourceKey[minecraft:block / minecraft:oak_wall_sign]=Block{minecraft:oak_wall_sign}}, Reference{ResourceKey[minecraft:block / minecraft:spruce_wall_sign]=Block{minecraft:spruce_wall_sign}}, Reference{ResourceKey[minecraft:block / minecraft:birch_wall_sign]=Block{minecraft:birch_wall_sign}}, Reference{ResourceKey[minecraft:block / minecraft:acacia_wall_sign]=Block{minecraft:acacia_wall_sign}}, Reference{ResourceKey[minecraft:block / minecraft:jungle_wall_sign]=Block{minecraft:jungle_wall_sign}}, Reference{ResourceKey[minecraft:block / minecraft:dark_oak_wall_sign]=Block{minecraft:dark_oak_wall_sign}}, Reference{ResourceKey[minecraft:block / minecraft:crimson_wall_sign]=Block{minecraft:crimson_wall_sign}}, Reference{ResourceKey[minecraft:block / minecraft:warped_wall_sign]=Block{minecraft:warped_wall_sign}}, Reference{ResourceKey[minecraft:block / minecraft:mangrove_wall_sign]=Block{minecraft:mangrove_wall_sign}}, Reference{ResourceKey[minecraft:block / minecraft:bamboo_wall_sign]=Block{minecraft:bamboo_wall_sign}}, Reference{ResourceKey[minecraft:block / minecraft:cherry_wall_sign]=Block{minecraft:cherry_wall_sign}}, Reference{ResourceKey[minecraft:block / minecraft:oak_button]=Block{minecraft:oak_button}}, Reference{ResourceKey[minecraft:block / minecraft:spruce_button]=Block{minecraft:spruce_button}}, Reference{ResourceKey[minecraft:block / minecraft:birch_button]=Block{minecraft:birch_button}}, Reference{ResourceKey[minecraft:block / minecraft:jungle_button]=Block{minecraft:jungle_button}}, Reference{ResourceKey[minecraft:block / minecraft:acacia_button]=Block{minecraft:acacia_button}}, Reference{ResourceKey[minecraft:block / minecraft:dark_oak_button]=Block{minecraft:dark_oak_button}}, Reference{ResourceKey[minecraft:block / minecraft:crimson_button]=Block{minecraft:crimson_button}}, Reference{ResourceKey[minecraft:block / minecraft:warped_button]=Block{minecraft:warped_button}}, Reference{ResourceKey[minecraft:block / minecraft:mangrove_button]=Block{minecraft:mangrove_button}}, Reference{ResourceKey[minecraft:block / minecraft:bamboo_button]=Block{minecraft:bamboo_button}}, Reference{ResourceKey[minecraft:block / minecraft:cherry_button]=Block{minecraft:cherry_button}}, Reference{ResourceKey[minecraft:block / minecraft:oak_door]=Block{minecraft:oak_door}}, Reference{ResourceKey[minecraft:block / minecraft:spruce_door]=Block{minecraft:spruce_door}}, Reference{ResourceKey[minecraft:block / minecraft:birch_door]=Block{minecraft:birch_door}}, Reference{ResourceKey[minecraft:block / minecraft:jungle_door]=Block{minecraft:jungle_door}}, Reference{ResourceKey[minecraft:block / minecraft:acacia_door]=Block{minecraft:acacia_door}}, Reference{ResourceKey[minecraft:block / minecraft:dark_oak_door]=Block{minecraft:dark_oak_door}}, Reference{ResourceKey[minecraft:block / minecraft:crimson_door]=Block{minecraft:crimson_door}}, Reference{ResourceKey[minecraft:block / minecraft:warped_door]=Block{minecraft:warped_door}}, Reference{ResourceKey[minecraft:block / minecraft:mangrove_door]=Block{minecraft:mangrove_door}}, Reference{ResourceKey[minecraft:block / minecraft:bamboo_door]=Block{minecraft:bamboo_door}}, Reference{ResourceKey[minecraft:block / minecraft:cherry_door]=Block{minecraft:cherry_door}}, Reference{ResourceKey[minecraft:block / minecraft:oak_fence]=Block{minecraft:oak_fence}}, Reference{ResourceKey[minecraft:block / minecraft:acacia_fence]=Block{minecraft:acacia_fence}}, Reference{ResourceKey[minecraft:block / minecraft:dark_oak_fence]=Block{minecraft:dark_oak_fence}}, Reference{ResourceKey[minecraft:block / minecraft:spruce_fence]=Block{minecraft:spruce_fence}}, Reference{ResourceKey[minecraft:block / minecraft:birch_fence]=Block{minecraft:birch_fence}}, Reference{ResourceKey[minecraft:block / minecraft:jungle_fence]=Block{minecraft:jungle_fence}}, Reference{ResourceKey[minecraft:block / minecraft:crimson_fence]=Block{minecraft:crimson_fence}}, Reference{ResourceKey[minecraft:block / minecraft:warped_fence]=Block{minecraft:warped_fence}}, Reference{ResourceKey[minecraft:block / minecraft:mangrove_fence]=Block{minecraft:mangrove_fence}}, Reference{ResourceKey[minecraft:block / minecraft:bamboo_fence]=Block{minecraft:bamboo_fence}}, Reference{ResourceKey[minecraft:block / minecraft:cherry_fence]=Block{minecraft:cherry_fence}}, Reference{ResourceKey[minecraft:block / minecraft:oak_pressure_plate]=Block{minecraft:oak_pressure_plate}}, Reference{ResourceKey[minecraft:block / minecraft:spruce_pressure_plate]=Block{minecraft:spruce_pressure_plate}}, Reference{ResourceKey[minecraft:block / minecraft:birch_pressure_plate]=Block{minecraft:birch_pressure_plate}}, Reference{ResourceKey[minecraft:block / minecraft:jungle_pressure_plate]=Block{minecraft:jungle_pressure_plate}}, Reference{ResourceKey[minecraft:block / minecraft:acacia_pressure_plate]=Block{minecraft:acacia_pressure_plate}}, Reference{ResourceKey[minecraft:block / minecraft:dark_oak_pressure_plate]=Block{minecraft:dark_oak_pressure_plate}}, Reference{ResourceKey[minecraft:block / minecraft:crimson_pressure_plate]=Block{minecraft:crimson_pressure_plate}}, Reference{ResourceKey[minecraft:block / minecraft:warped_pressure_plate]=Block{minecraft:warped_pressure_plate}}, Reference{ResourceKey[minecraft:block / minecraft:mangrove_pressure_plate]=Block{minecraft:mangrove_pressure_plate}}, Reference{ResourceKey[minecraft:block / minecraft:bamboo_pressure_plate]=Block{minecraft:bamboo_pressure_plate}}, Reference{ResourceKey[minecraft:block / minecraft:cherry_pressure_plate]=Block{minecraft:cherry_pressure_plate}}, Reference{ResourceKey[minecraft:block / minecraft:oak_slab]=Block{minecraft:oak_slab}}, Reference{ResourceKey[minecraft:block / minecraft:spruce_slab]=Block{minecraft:spruce_slab}}, Reference{ResourceKey[minecraft:block / minecraft:birch_slab]=Block{minecraft:birch_slab}}, Reference{ResourceKey[minecraft:block / minecraft:jungle_slab]=Block{minecraft:jungle_slab}}, Reference{ResourceKey[minecraft:block / minecraft:acacia_slab]=Block{minecraft:acacia_slab}}, Reference{ResourceKey[minecraft:block / minecraft:dark_oak_slab]=Block{minecraft:dark_oak_slab}}, Reference{ResourceKey[minecraft:block / minecraft:crimson_slab]=Block{minecraft:crimson_slab}}, Reference{ResourceKey[minecraft:block / minecraft:warped_slab]=Block{minecraft:warped_slab}}, Reference{ResourceKey[minecraft:block / minecraft:mangrove_slab]=Block{minecraft:mangrove_slab}}, Reference{ResourceKey[minecraft:block / minecraft:bamboo_slab]=Block{minecraft:bamboo_slab}}, Reference{ResourceKey[minecraft:block / minecraft:cherry_slab]=Block{minecraft:cherry_slab}}, Reference{ResourceKey[minecraft:block / minecraft:oak_stairs]=Block{minecraft:oak_stairs}}, Reference{ResourceKey[minecraft:block / minecraft:spruce_stairs]=Block{minecraft:spruce_stairs}}, Reference{ResourceKey[minecraft:block / minecraft:birch_stairs]=Block{minecraft:birch_stairs}}, Reference{ResourceKey[minecraft:block / minecraft:jungle_stairs]=Block{minecraft:jungle_stairs}}, Reference{ResourceKey[minecraft:block / minecraft:acacia_stairs]=Block{minecraft:acacia_stairs}}, Reference{ResourceKey[minecraft:block / minecraft:dark_oak_stairs]=Block{minecraft:dark_oak_stairs}}, Reference{ResourceKey[minecraft:block / minecraft:crimson_stairs]=Block{minecraft:crimson_stairs}}, Reference{ResourceKey[minecraft:block / minecraft:warped_stairs]=Block{minecraft:warped_stairs}}, Reference{ResourceKey[minecraft:block / minecraft:mangrove_stairs]=Block{minecraft:mangrove_stairs}}, Reference{ResourceKey[minecraft:block / minecraft:bamboo_stairs]=Block{minecraft:bamboo_stairs}}, Reference{ResourceKey[minecraft:block / minecraft:cherry_stairs]=Block{minecraft:cherry_stairs}}, Reference{ResourceKey[minecraft:block / minecraft:acacia_trapdoor]=Block{minecraft:acacia_trapdoor}}, Reference{ResourceKey[minecraft:block / minecraft:birch_trapdoor]=Block{minecraft:birch_trapdoor}}, Reference{ResourceKey[minecraft:block / minecraft:dark_oak_trapdoor]=Block{minecraft:dark_oak_trapdoor}}, Reference{ResourceKey[minecraft:block / minecraft:jungle_trapdoor]=Block{minecraft:jungle_trapdoor}}, Reference{ResourceKey[minecraft:block / minecraft:oak_trapdoor]=Block{minecraft:oak_trapdoor}}, Reference{ResourceKey[minecraft:block / minecraft:spruce_trapdoor]=Block{minecraft:spruce_trapdoor}}, Reference{ResourceKey[minecraft:block / minecraft:crimson_trapdoor]=Block{minecraft:crimson_trapdoor}}, Reference{ResourceKey[minecraft:block / minecraft:warped_trapdoor]=Block{minecraft:warped_trapdoor}}, Reference{ResourceKey[minecraft:block / minecraft:mangrove_trapdoor]=Block{minecraft:mangrove_trapdoor}}, Reference{ResourceKey[minecraft:block / minecraft:bamboo_trapdoor]=Block{minecraft:bamboo_trapdoor}}, Reference{ResourceKey[minecraft:block / minecraft:cherry_trapdoor]=Block{minecraft:cherry_trapdoor}}, Reference{ResourceKey[minecraft:block / minecraft:mangrove_roots]=Block{minecraft:mangrove_roots}}, Reference{ResourceKey[minecraft:block / minecraft:oak_hanging_sign]=Block{minecraft:oak_hanging_sign}}, Reference{ResourceKey[minecraft:block / minecraft:spruce_hanging_sign]=Block{minecraft:spruce_hanging_sign}}, Reference{ResourceKey[minecraft:block / minecraft:birch_hanging_sign]=Block{minecraft:birch_hanging_sign}}, Reference{ResourceKey[minecraft:block / minecraft:acacia_hanging_sign]=Block{minecraft:acacia_hanging_sign}}, Reference{ResourceKey[minecraft:block / minecraft:cherry_hanging_sign]=Block{minecraft:cherry_hanging_sign}}, Reference{ResourceKey[minecraft:block / minecraft:jungle_hanging_sign]=Block{minecraft:jungle_hanging_sign}}, Reference{ResourceKey[minecraft:block / minecraft:dark_oak_hanging_sign]=Block{minecraft:dark_oak_hanging_sign}}, Reference{ResourceKey[minecraft:block / minecraft:crimson_hanging_sign]=Block{minecraft:crimson_hanging_sign}}, Reference{ResourceKey[minecraft:block / minecraft:warped_hanging_sign]=Block{minecraft:warped_hanging_sign}}, Reference{ResourceKey[minecraft:block / minecraft:mangrove_hanging_sign]=Block{minecraft:mangrove_hanging_sign}}, Reference{ResourceKey[minecraft:block / minecraft:bamboo_hanging_sign]=Block{minecraft:bamboo_hanging_sign}}, Reference{ResourceKey[minecraft:block / minecraft:oak_wall_hanging_sign]=Block{minecraft:oak_wall_hanging_sign}}, Reference{ResourceKey[minecraft:block / minecraft:spruce_wall_hanging_sign]=Block{minecraft:spruce_wall_hanging_sign}}, Reference{ResourceKey[minecraft:block / minecraft:birch_wall_hanging_sign]=Block{minecraft:birch_wall_hanging_sign}}, Reference{ResourceKey[minecraft:block / minecraft:acacia_wall_hanging_sign]=Block{minecraft:acacia_wall_hanging_sign}}, Reference{ResourceKey[minecraft:block / minecraft:cherry_wall_hanging_sign]=Block{minecraft:cherry_wall_hanging_sign}}, Reference{ResourceKey[minecraft:block / minecraft:jungle_wall_hanging_sign]=Block{minecraft:jungle_wall_hanging_sign}}, Reference{ResourceKey[minecraft:block / minecraft:dark_oak_wall_hanging_sign]=Block{minecraft:dark_oak_wall_hanging_sign}}, Reference{ResourceKey[minecraft:block / minecraft:crimson_wall_hanging_sign]=Block{minecraft:crimson_wall_hanging_sign}}, Reference{ResourceKey[minecraft:block / minecraft:warped_wall_hanging_sign]=Block{minecraft:warped_wall_hanging_sign}}, Reference{ResourceKey[minecraft:block / minecraft:mangrove_wall_hanging_sign]=Block{minecraft:mangrove_wall_hanging_sign}}, Reference{ResourceKey[minecraft:block / minecraft:bamboo_wall_hanging_sign]=Block{minecraft:bamboo_wall_hanging_sign}}, Reference{ResourceKey[minecraft:block / minecraft:bamboo_mosaic]=Block{minecraft:bamboo_mosaic}}, Reference{ResourceKey[minecraft:block / minecraft:bamboo_mosaic_slab]=Block{minecraft:bamboo_mosaic_slab}}, Reference{ResourceKey[minecraft:block / minecraft:bamboo_mosaic_stairs]=Block{minecraft:bamboo_mosaic_stairs}}, Reference{ResourceKey[minecraft:block / minecraft:bamboo_block]=Block{minecraft:bamboo_block}}, Reference{ResourceKey[minecraft:block / minecraft:stripped_bamboo_block]=Block{minecraft:stripped_bamboo_block}}, Reference{ResourceKey[minecraft:block / minecraft:chiseled_bookshelf]=Block{minecraft:chiseled_bookshelf}}, Reference{ResourceKey[minecraft:block / britannia_mod:globe]=Block{britannia_mod:globe}}, Reference{ResourceKey[minecraft:block / britannia_mod:merchant_cart_red]=Block{britannia_mod:merchant_cart_red}}, Reference{ResourceKey[minecraft:block / britannia_mod:merchant_cart_purple]=Block{britannia_mod:merchant_cart_purple}}, Reference{ResourceKey[minecraft:block / britannia_mod:merchant_cart_blue]=Block{britannia_mod:merchant_cart_blue}}, Reference{ResourceKey[minecraft:block / britannia_mod:merchant_cart_black]=Block{britannia_mod:merchant_cart_black}}, Reference{ResourceKey[minecraft:block / britannia_mod:merchant_cart_green]=Block{britannia_mod:merchant_cart_green}}, Reference{ResourceKey[minecraft:block / britannia_mod:merchant_cart_yellow]=Block{britannia_mod:merchant_cart_yellow}}, Reference{ResourceKey[minecraft:block / britannia_mod:merchant_cart_white]=Block{britannia_mod:merchant_cart_white}}, Reference{ResourceKey[minecraft:block / britannia_mod:market_stall_red]=Block{britannia_mod:market_stall_red}}, Reference{ResourceKey[minecraft:block / britannia_mod:market_stall_blue]=Block{britannia_mod:market_stall_blue}}, Reference{ResourceKey[minecraft:block / britannia_mod:market_stall_green]=Block{britannia_mod:market_stall_green}}, Reference{ResourceKey[minecraft:block / britannia_mod:market_stall_purple]=Block{britannia_mod:market_stall_purple}}, Reference{ResourceKey[minecraft:block / britannia_mod:scarecrow]=Block{britannia_mod:scarecrow}}, Reference{ResourceKey[minecraft:block / britannia_mod:dress_form]=Block{britannia_mod:dress_form}}, Reference{ResourceKey[minecraft:block / britannia_mod:loom]=Block{britannia_mod:loom}}, Reference{ResourceKey[minecraft:block / britannia_mod:small_crate]=Block{britannia_mod:small_crate}}, Reference{ResourceKey[minecraft:block / britannia_mod:medium_crate]=Block{britannia_mod:medium_crate}}, Reference{ResourceKey[minecraft:block / britannia_mod:large_crate]=Block{britannia_mod:large_crate}}, Reference{ResourceKey[minecraft:block / britannia_mod:ladder]=Block{britannia_mod:ladder}}, Reference{ResourceKey[minecraft:block / britannia_mod:spinning_wheel]=Block{britannia_mod:spinning_wheel}}, Reference{ResourceKey[minecraft:block / britannia_mod:display_case]=Block{britannia_mod:display_case}}, Reference{ResourceKey[minecraft:block / britannia_mod:training_dummy]=Block{britannia_mod:training_dummy}}, Reference{ResourceKey[minecraft:block / britannia_mod:wooden_fence]=Block{britannia_mod:wooden_fence}}]], speed=Optional[2.0], correctForDrops=Optional[true]]], defaultMiningSpeed=1.0, damagePerBlock=1], minecraft:repair_cost=>0, minecraft:rarity=>COMMON, minecraft:max_stack_size=>1, minecraft:attribute_modifiers=>ItemAttributeModifiers[modifiers=[Entry[attribute=Reference{ResourceKey[minecraft:attribute / minecraft:generic.attack_damage]=net.minecraft.world.entity.ai.attributes.RangedAttribute@6533629}, modifier=AttributeModifier[id=minecraft:base_attack_damage, amount=17.0, operation=ADD_VALUE], slot=MAINHAND], Entry[attribute=Reference{ResourceKey[minecraft:attribute / minecraft:generic.attack_speed]=net.minecraft.world.entity.ai.attributes.RangedAttribute@5ae66c98}, modifier=AttributeModifier[id=minecraft:base_attack_speed, amount=-3.5, operation=ADD_VALUE], slot=MAINHAND]], showInTooltip=true], minecraft:max_damage=>500, minecraft:enchantments=>ItemEnchantments{enchantments={}, showInTooltip=true}, minecraft:lore=>ItemLore[lines=[], styledLines=[]]}
[10:21:11] [Server thread/INFO] [co.se.br.ev.ChestHandler/]: Chest at BlockPos{x=5052, y=67, z=3912} initialized with Seggellion's Axe facing west
[10:21:11] [Server thread/WARN] [co.se.br.se.au.ServerAuthRegistry/]: UltimaCraft server authentication is unavailable: credentials are not configured
[10:21:11] [Server thread/INFO] [co.se.br.mi.Mineables/]: Mineable catalogue block ids all resolve against the block registry
[10:21:11] [Server thread/INFO] [co.se.br.re.Resources/]: Resource catalogue block and item ids all resolve against the registries
[10:21:11] [Server thread/INFO] [co.se.br.re.Resources/]: Resource extraction tags all authorise at least one item
[10:21:11] [Server thread/INFO] [co.se.br.BritanniaMod/]: ? DeedHttpServer started on port 8080
[10:21:11] [Server thread/INFO] [co.se.br.se.sp.ServiceNpcSpawnDeliveryProcessor/]: Service NPC spawn delivery processor started
[10:21:11] [Server thread/INFO] [co.se.br.wo.WorldStateSyncPoller/]: World state sync poller started next_poll_in_ticks=6117
[10:21:11] [Server thread/INFO] [co.se.br.re.pr.ResourceDepositPreviewPoller/]: Resource deposit preview poller started next_poll_in_ticks=6085
[10:21:11] [Server thread/INFO] [co.se.br.re.ma.ResourceDepositMaterializationPoller/]: Resource deposit materialization poller started next_poll_in_ticks=6484
[10:21:11] [Server thread/INFO] [co.se.br.gr.di.GrabbyEnvironmentReport/]: [grabby-hands][env] artifact: britannia_mod 0.1.8d C:\projects\britannia\mod\Britannia_Mod\build\resources\main (not hashable: AccessDeniedException)
[10:21:11] [Server thread/INFO] [co.se.br.gr.di.GrabbyEnvironmentReport/]: [grabby-hands][env] build: version=0.1.8d commit=d858bb4542a1a034d222f05bc10ca3602bec8804 branch=patch-18 dirtyWorkingTree=true built=2026-10-07T17:19:28.820541500Z  <-- built from uncommitted changes
[10:21:11] [Server thread/INFO] [co.se.br.gr.di.GrabbyEnvironmentReport/]: [grabby-hands][env] neoforge: 21.1.72  minecraft: 1.21.1
[10:21:11] [Server thread/INFO] [co.se.br.gr.di.GrabbyEnvironmentReport/]: [grabby-hands][env] server: integrated/other (GameTestServer) - vanilla spawn protection cannot apply here
[10:21:11] [Server thread/INFO] [co.se.br.gr.di.GrabbyEnvironmentReport/]: [grabby-hands][env] spawn-protection: not applicable on this server type
[10:21:11] [Server thread/INFO] [minecraft/GameTestServer]: 4 tests are now running at position 10842467, -59, 4171014!
[10:21:11] [Server thread/INFO] [minecraft/GameTestRunner]: Running test batch 'wall_pair:0' (4 tests)...
[10:21:11] [Server thread/INFO] [co.se.br.se.sp.ServiceNpcSpawnDeliveryProcessor/]: Service NPC spawn outbox depth=0 receipts=0 in_flight=0
[10:21:11] [Server thread/INFO] [minecraft/GameTestServer]: [    ]
[10:21:12] [Server thread/INFO] [minecraft/PlayerList]: WallRecover[embedded] logged in with entity id 1 at (5.5, -60.0, 8.5)
[10:21:12] [Server thread/INFO] [minecraft/MinecraftServer]: WallRecover joined the game
[10:21:12] [britannia-server-http-1/ERROR] [co.se.br.sy.BlessedItemSyncAPI/]: Unable to fetch blessed items for WallRecover
java.util.NoSuchElementException: No value present
	at java.base/java.util.Optional.orElseThrow(Optional.java:377) ~[?:?] {}
	at TRANSFORMER/britannia_mod@0.1.8d/com.seggellion.britannia_mod.sync.BlessedItemSyncAPI.fetch(BlessedItemSyncAPI.java:49) ~[%23193!/:?] {re:classloading}
	at TRANSFORMER/britannia_mod@0.1.8d/com.seggellion.britannia_mod.sync.BlessedItemSyncHandler.lambda$onLogin$0(BlessedItemSyncHandler.java:24) ~[%23193!/:?] {re:classloading}
	at java.base/java.util.concurrent.CompletableFuture$AsyncSupply.run(CompletableFuture.java:1768) ~[?:?] {}
	at java.base/java.util.concurrent.ThreadPoolExecutor.runWorker(ThreadPoolExecutor.java:1144) ~[?:?] {}
	at java.base/java.util.concurrent.ThreadPoolExecutor$Worker.run(ThreadPoolExecutor.java:642) ~[?:?] {}
	at java.base/java.lang.Thread.run(Thread.java:1583) [?:?] {}
[10:21:12] [Server thread/INFO] [co.se.br.sk.SkillManager/]: PlayerLogin Initialized
[10:21:12] [Server thread/INFO] [co.se.br.sk.SkillManager/]: SKILL SYSTEM LOGIN (MP-safe)
[10:21:12] [britannia-bootstrap-1/WARN] [co.se.br.sy.WorldBootstrapAPI/]: Skipping world bootstrap because server authentication is unavailable
[10:21:12] [britannia-server-http-1/ERROR] [co.se.br.sk.SkillManager/]: Failed to fetch skill config
java.util.NoSuchElementException: No value present
	at java.base/java.util.Optional.orElseThrow(Optional.java:377) ~[?:?] {}
	at TRANSFORMER/britannia_mod@0.1.8d/com.seggellion.britannia_mod.skill.SkillManager.doGetJson(SkillManager.java:714) ~[%23193!/:?] {re:classloading}
	at TRANSFORMER/britannia_mod@0.1.8d/com.seggellion.britannia_mod.skill.SkillManager.fetchSkillConfigAsync(SkillManager.java:675) ~[%23193!/:?] {re:classloading}
	at TRANSFORMER/britannia_mod@0.1.8d/com.seggellion.britannia_mod.skill.SkillManager.lambda$onPlayerLogin$10(SkillManager.java:270) ~[%23193!/:?] {re:classloading}
	at TRANSFORMER/britannia_mod@0.1.8d/com.seggellion.britannia_mod.server.http.ServerHttpExecutor.lambda$run$1(ServerHttpExecutor.java:39) ~[%23193!/:?] {re:classloading}
	at java.base/java.util.concurrent.CompletableFuture$AsyncSupply.run(CompletableFuture.java:1768) ~[?:?] {}
	at java.base/java.util.concurrent.ThreadPoolExecutor.runWorker(ThreadPoolExecutor.java:1144) ~[?:?] {}
	at java.base/java.util.concurrent.ThreadPoolExecutor$Worker.run(ThreadPoolExecutor.java:642) ~[?:?] {}
	at java.base/java.lang.Thread.run(Thread.java:1583) [?:?] {}
[10:21:12] [britannia-server-http-1/ERROR] [co.se.br.sk.SkillManager/]: Failed to load player skills for WallRecover
java.util.NoSuchElementException: No value present
	at java.base/java.util.Optional.orElseThrow(Optional.java:377) ~[?:?] {}
	at TRANSFORMER/britannia_mod@0.1.8d/com.seggellion.britannia_mod.skill.SkillManager.shardName(SkillManager.java:727) ~[%23193!/:?] {re:classloading}
	at TRANSFORMER/britannia_mod@0.1.8d/com.seggellion.britannia_mod.skill.SkillManager.playerSkillQuery(SkillManager.java:734) ~[%23193!/:?] {re:classloading}
	at TRANSFORMER/britannia_mod@0.1.8d/com.seggellion.britannia_mod.skill.SkillManager.fetchPlayerSkillsAsync(SkillManager.java:691) ~[%23193!/:?] {re:classloading}
	at TRANSFORMER/britannia_mod@0.1.8d/com.seggellion.britannia_mod.skill.SkillManager.lambda$onPlayerLogin$10(SkillManager.java:279) ~[%23193!/:?] {re:classloading}
	at TRANSFORMER/britannia_mod@0.1.8d/com.seggellion.britannia_mod.server.http.ServerHttpExecutor.lambda$run$1(ServerHttpExecutor.java:39) ~[%23193!/:?] {re:classloading}
	at java.base/java.util.concurrent.CompletableFuture$AsyncSupply.run(CompletableFuture.java:1768) ~[?:?] {}
	at java.base/java.util.concurrent.ThreadPoolExecutor.runWorker(ThreadPoolExecutor.java:1144) ~[?:?] {}
	at java.base/java.util.concurrent.ThreadPoolExecutor$Worker.run(ThreadPoolExecutor.java:642) ~[?:?] {}
	at java.base/java.lang.Thread.run(Thread.java:1583) [?:?] {}
[10:21:12] [Server thread/INFO] [co.se.br.it.InteriorDecoratorToolItem/]: InteriorDecoratorTool mirrored wall pair at BlockPos{x=10842471, y=-55, z=4171018}
[10:21:13] [Server thread/INFO] [minecraft/GameTestServer]: [__  ]
[10:21:13] [Server thread/INFO] [minecraft/PlayerList]: WallBroken[embedded] logged in with entity id 2 at (-2.5, -60.0, 6.5)
[10:21:13] [Server thread/INFO] [minecraft/MinecraftServer]: WallBroken joined the game
[10:21:13] [britannia-bootstrap-1/WARN] [co.se.br.sy.WorldBootstrapAPI/]: Skipping world bootstrap because server authentication is unavailable
[10:21:13] [Server thread/INFO] [co.se.br.sk.SkillManager/]: PlayerLogin Initialized
[10:21:13] [Server thread/INFO] [co.se.br.sk.SkillManager/]: SKILL SYSTEM LOGIN (MP-safe)
[10:21:13] [britannia-server-http-1/ERROR] [co.se.br.sy.BlessedItemSyncAPI/]: Unable to fetch blessed items for WallBroken
java.util.NoSuchElementException: No value present
	at java.base/java.util.Optional.orElseThrow(Optional.java:377) ~[?:?] {}
	at TRANSFORMER/britannia_mod@0.1.8d/com.seggellion.britannia_mod.sync.BlessedItemSyncAPI.fetch(BlessedItemSyncAPI.java:49) ~[%23193!/:?] {re:classloading}
	at TRANSFORMER/britannia_mod@0.1.8d/com.seggellion.britannia_mod.sync.BlessedItemSyncHandler.lambda$onLogin$0(BlessedItemSyncHandler.java:24) ~[%23193!/:?] {re:classloading}
	at java.base/java.util.concurrent.CompletableFuture$AsyncSupply.run(CompletableFuture.java:1768) ~[?:?] {}
	at java.base/java.util.concurrent.ThreadPoolExecutor.runWorker(ThreadPoolExecutor.java:1144) ~[?:?] {}
	at java.base/java.util.concurrent.ThreadPoolExecutor$Worker.run(ThreadPoolExecutor.java:642) ~[?:?] {}
	at java.base/java.lang.Thread.run(Thread.java:1583) [?:?] {}
[10:21:13] [britannia-server-http-1/ERROR] [co.se.br.sk.SkillManager/]: Failed to fetch skill config
java.util.NoSuchElementException: No value present
	at java.base/java.util.Optional.orElseThrow(Optional.java:377) ~[?:?] {}
	at TRANSFORMER/britannia_mod@0.1.8d/com.seggellion.britannia_mod.skill.SkillManager.doGetJson(SkillManager.java:714) ~[%23193!/:?] {re:classloading}
	at TRANSFORMER/britannia_mod@0.1.8d/com.seggellion.britannia_mod.skill.SkillManager.fetchSkillConfigAsync(SkillManager.java:675) ~[%23193!/:?] {re:classloading}
	at TRANSFORMER/britannia_mod@0.1.8d/com.seggellion.britannia_mod.skill.SkillManager.lambda$onPlayerLogin$10(SkillManager.java:270) ~[%23193!/:?] {re:classloading}
	at TRANSFORMER/britannia_mod@0.1.8d/com.seggellion.britannia_mod.server.http.ServerHttpExecutor.lambda$run$1(ServerHttpExecutor.java:39) ~[%23193!/:?] {re:classloading}
	at java.base/java.util.concurrent.CompletableFuture$AsyncSupply.run(CompletableFuture.java:1768) ~[?:?] {}
	at java.base/java.util.concurrent.ThreadPoolExecutor.runWorker(ThreadPoolExecutor.java:1144) ~[?:?] {}
	at java.base/java.util.concurrent.ThreadPoolExecutor$Worker.run(ThreadPoolExecutor.java:642) ~[?:?] {}
	at java.base/java.lang.Thread.run(Thread.java:1583) [?:?] {}
[10:21:13] [britannia-server-http-1/ERROR] [co.se.br.sk.SkillManager/]: Failed to load player skills for WallBroken
java.util.NoSuchElementException: No value present
	at java.base/java.util.Optional.orElseThrow(Optional.java:377) ~[?:?] {}
	at TRANSFORMER/britannia_mod@0.1.8d/com.seggellion.britannia_mod.skill.SkillManager.shardName(SkillManager.java:727) ~[%23193!/:?] {re:classloading}
	at TRANSFORMER/britannia_mod@0.1.8d/com.seggellion.britannia_mod.skill.SkillManager.playerSkillQuery(SkillManager.java:734) ~[%23193!/:?] {re:classloading}
	at TRANSFORMER/britannia_mod@0.1.8d/com.seggellion.britannia_mod.skill.SkillManager.fetchPlayerSkillsAsync(SkillManager.java:691) ~[%23193!/:?] {re:classloading}
	at TRANSFORMER/britannia_mod@0.1.8d/com.seggellion.britannia_mod.skill.SkillManager.lambda$onPlayerLogin$10(SkillManager.java:279) ~[%23193!/:?] {re:classloading}
	at TRANSFORMER/britannia_mod@0.1.8d/com.seggellion.britannia_mod.server.http.ServerHttpExecutor.lambda$run$1(ServerHttpExecutor.java:39) ~[%23193!/:?] {re:classloading}
	at java.base/java.util.concurrent.CompletableFuture$AsyncSupply.run(CompletableFuture.java:1768) ~[?:?] {}
	at java.base/java.util.concurrent.ThreadPoolExecutor.runWorker(ThreadPoolExecutor.java:1144) ~[?:?] {}
	at java.base/java.util.concurrent.ThreadPoolExecutor$Worker.run(ThreadPoolExecutor.java:642) ~[?:?] {}
	at java.base/java.lang.Thread.run(Thread.java:1583) [?:?] {}
[10:21:13] [Server thread/INFO] [minecraft/PlayerList]: WallPair[embedded] logged in with entity id 3 at (5.5, -60.0, -7.5)
[10:21:13] [Server thread/INFO] [minecraft/MinecraftServer]: WallPair joined the game
[10:21:13] [britannia-bootstrap-1/WARN] [co.se.br.sy.WorldBootstrapAPI/]: Skipping world bootstrap because server authentication is unavailable
[10:21:13] [Server thread/INFO] [co.se.br.sk.SkillManager/]: PlayerLogin Initialized
[10:21:13] [britannia-server-http-1/ERROR] [co.se.br.sy.BlessedItemSyncAPI/]: Unable to fetch blessed items for WallPair
java.util.NoSuchElementException: No value present
	at java.base/java.util.Optional.orElseThrow(Optional.java:377) ~[?:?] {}
	at TRANSFORMER/britannia_mod@0.1.8d/com.seggellion.britannia_mod.sync.BlessedItemSyncAPI.fetch(BlessedItemSyncAPI.java:49) ~[%23193!/:?] {re:classloading}
	at TRANSFORMER/britannia_mod@0.1.8d/com.seggellion.britannia_mod.sync.BlessedItemSyncHandler.lambda$onLogin$0(BlessedItemSyncHandler.java:24) ~[%23193!/:?] {re:classloading}
	at java.base/java.util.concurrent.CompletableFuture$AsyncSupply.run(CompletableFuture.java:1768) ~[?:?] {}
	at java.base/java.util.concurrent.ThreadPoolExecutor.runWorker(ThreadPoolExecutor.java:1144) ~[?:?] {}
	at java.base/java.util.concurrent.ThreadPoolExecutor$Worker.run(ThreadPoolExecutor.java:642) ~[?:?] {}
	at java.base/java.lang.Thread.run(Thread.java:1583) [?:?] {}
[10:21:13] [Server thread/INFO] [co.se.br.sk.SkillManager/]: SKILL SYSTEM LOGIN (MP-safe)
[10:21:13] [britannia-server-http-1/ERROR] [co.se.br.sk.SkillManager/]: Failed to fetch skill config
java.util.NoSuchElementException: No value present
	at java.base/java.util.Optional.orElseThrow(Optional.java:377) ~[?:?] {}
	at TRANSFORMER/britannia_mod@0.1.8d/com.seggellion.britannia_mod.skill.SkillManager.doGetJson(SkillManager.java:714) ~[%23193!/:?] {re:classloading}
	at TRANSFORMER/britannia_mod@0.1.8d/com.seggellion.britannia_mod.skill.SkillManager.fetchSkillConfigAsync(SkillManager.java:675) ~[%23193!/:?] {re:classloading}
	at TRANSFORMER/britannia_mod@0.1.8d/com.seggellion.britannia_mod.skill.SkillManager.lambda$onPlayerLogin$10(SkillManager.java:270) ~[%23193!/:?] {re:classloading}
	at TRANSFORMER/britannia_mod@0.1.8d/com.seggellion.britannia_mod.server.http.ServerHttpExecutor.lambda$run$1(ServerHttpExecutor.java:39) ~[%23193!/:?] {re:classloading}
	at java.base/java.util.concurrent.CompletableFuture$AsyncSupply.run(CompletableFuture.java:1768) ~[?:?] {}
	at java.base/java.util.concurrent.ThreadPoolExecutor.runWorker(ThreadPoolExecutor.java:1144) ~[?:?] {}
	at java.base/java.util.concurrent.ThreadPoolExecutor$Worker.run(ThreadPoolExecutor.java:642) ~[?:?] {}
	at java.base/java.lang.Thread.run(Thread.java:1583) [?:?] {}
[10:21:13] [Server thread/INFO] [co.se.br.it.InteriorDecoratorToolItem/]: InteriorDecoratorTool rotated wall pair at BlockPos{x=10842507, y=-55, z=4171018}
[10:21:13] [britannia-server-http-1/ERROR] [co.se.br.sk.SkillManager/]: Failed to load player skills for WallPair
java.util.NoSuchElementException: No value present
	at java.base/java.util.Optional.orElseThrow(Optional.java:377) ~[?:?] {}
	at TRANSFORMER/britannia_mod@0.1.8d/com.seggellion.britannia_mod.skill.SkillManager.shardName(SkillManager.java:727) ~[%23193!/:?] {re:classloading}
	at TRANSFORMER/britannia_mod@0.1.8d/com.seggellion.britannia_mod.skill.SkillManager.playerSkillQuery(SkillManager.java:734) ~[%23193!/:?] {re:classloading}
	at TRANSFORMER/britannia_mod@0.1.8d/com.seggellion.britannia_mod.skill.SkillManager.fetchPlayerSkillsAsync(SkillManager.java:691) ~[%23193!/:?] {re:classloading}
	at TRANSFORMER/britannia_mod@0.1.8d/com.seggellion.britannia_mod.skill.SkillManager.lambda$onPlayerLogin$10(SkillManager.java:279) ~[%23193!/:?] {re:classloading}
	at TRANSFORMER/britannia_mod@0.1.8d/com.seggellion.britannia_mod.server.http.ServerHttpExecutor.lambda$run$1(ServerHttpExecutor.java:39) ~[%23193!/:?] {re:classloading}
	at java.base/java.util.concurrent.CompletableFuture$AsyncSupply.run(CompletableFuture.java:1768) ~[?:?] {}
	at java.base/java.util.concurrent.ThreadPoolExecutor.runWorker(ThreadPoolExecutor.java:1144) ~[?:?] {}
	at java.base/java.util.concurrent.ThreadPoolExecutor$Worker.run(ThreadPoolExecutor.java:642) ~[?:?] {}
	at java.base/java.lang.Thread.run(Thread.java:1583) [?:?] {}
[10:21:13] [Server thread/INFO] [co.se.br.it.InteriorDecoratorToolItem/]: InteriorDecoratorTool rotated wall pair at BlockPos{x=10842507, y=-56, z=4171018}
[10:21:13] [Server thread/INFO] [co.se.br.it.InteriorDecoratorToolItem/]: InteriorDecoratorTool mirrored wall pair at BlockPos{x=10842507, y=-55, z=4171018}
[10:21:13] [Server thread/INFO] [co.se.br.it.InteriorDecoratorToolItem/]: InteriorDecoratorTool mirrored wall pair at BlockPos{x=10842507, y=-56, z=4171018}
[10:21:13] [Server thread/INFO] [co.se.br.it.InteriorDecoratorToolItem/]: InteriorDecoratorTool rotated wall pair at BlockPos{x=10842507, y=-55, z=4171018}
[10:21:13] [Server thread/INFO] [co.se.br.it.InteriorDecoratorToolItem/]: InteriorDecoratorTool rotated wall pair at BlockPos{x=10842507, y=-56, z=4171018}
[10:21:13] [Server thread/INFO] [co.se.br.it.InteriorDecoratorToolItem/]: InteriorDecoratorTool mirrored wall pair at BlockPos{x=10842507, y=-55, z=4171018}
[10:21:13] [Server thread/INFO] [co.se.br.it.InteriorDecoratorToolItem/]: InteriorDecoratorTool mirrored wall pair at BlockPos{x=10842507, y=-56, z=4171018}
[10:21:13] [Server thread/INFO] [co.se.br.it.InteriorDecoratorToolItem/]: InteriorDecoratorTool rotated wall pair at BlockPos{x=10842507, y=-55, z=4171018}
[10:21:13] [Server thread/INFO] [co.se.br.it.InteriorDecoratorToolItem/]: InteriorDecoratorTool rotated wall pair at BlockPos{x=10842507, y=-56, z=4171018}
[10:21:13] [Server thread/INFO] [co.se.br.it.InteriorDecoratorToolItem/]: InteriorDecoratorTool mirrored wall pair at BlockPos{x=10842507, y=-55, z=4171018}
[10:21:13] [Server thread/INFO] [co.se.br.it.InteriorDecoratorToolItem/]: InteriorDecoratorTool mirrored wall pair at BlockPos{x=10842507, y=-56, z=4171018}
[10:21:13] [Server thread/INFO] [co.se.br.it.InteriorDecoratorToolItem/]: InteriorDecoratorTool rotated wall pair at BlockPos{x=10842507, y=-55, z=4171018}
[10:21:13] [Server thread/INFO] [co.se.br.it.InteriorDecoratorToolItem/]: InteriorDecoratorTool rotated wall pair at BlockPos{x=10842507, y=-56, z=4171018}
[10:21:13] [Server thread/INFO] [co.se.br.it.InteriorDecoratorToolItem/]: InteriorDecoratorTool rotated wall pair at BlockPos{x=10842507, y=-55, z=4171018}
[10:21:13] [Server thread/INFO] [co.se.br.it.InteriorDecoratorToolItem/]: InteriorDecoratorTool rotated wall pair at BlockPos{x=10842507, y=-56, z=4171018}
[10:21:13] [Server thread/INFO] [co.se.br.it.InteriorDecoratorToolItem/]: InteriorDecoratorTool rotated wall pair at BlockPos{x=10842507, y=-55, z=4171018}
[10:21:13] [Server thread/INFO] [co.se.br.it.InteriorDecoratorToolItem/]: InteriorDecoratorTool rotated wall pair at BlockPos{x=10842507, y=-56, z=4171018}
[10:21:13] [Server thread/INFO] [co.se.br.it.InteriorDecoratorToolItem/]: InteriorDecoratorTool rotated wall pair at BlockPos{x=10842507, y=-55, z=4171018}
[10:21:13] [Server thread/INFO] [co.se.br.it.InteriorDecoratorToolItem/]: InteriorDecoratorTool rotated wall pair at BlockPos{x=10842507, y=-56, z=4171018}
[10:21:13] [Server thread/INFO] [minecraft/GameTestServer]: [++++]
[10:21:13] [Server thread/INFO] [minecraft/GameTestServer]: ========= 4 GAME TESTS COMPLETE IN 2.231 s ======================
[10:21:13] [Server thread/INFO] [minecraft/GameTestServer]: All 4 required tests passed :)
[10:21:13] [Server thread/INFO] [minecraft/GameTestServer]: ====================================================
[10:21:13] [Server thread/INFO] [co.se.br.BritanniaMod/]: ? DeedHttpServer stopped
[10:21:13] [Server thread/INFO] [co.se.br.se.sp.ServiceNpcSpawnDeliveryProcessor/]: Service NPC spawn delivery processor stopped
[10:21:13] [Server thread/INFO] [co.se.br.wo.WorldStateSyncPoller/]: World state sync poller stopped
[10:21:13] [Server thread/INFO] [co.se.br.re.pr.ResourceDepositPreviewPoller/]: Resource deposit preview poller stopped
[10:21:13] [Server thread/INFO] [co.se.br.re.ma.ResourceDepositMaterializationPoller/]: Resource deposit materialization poller stopped
[10:21:13] [Server thread/INFO] [minecraft/MinecraftServer]: Stopping server
[10:21:13] [Server thread/INFO] [minecraft/MinecraftServer]: Saving players
[10:21:13] [Server thread/INFO] [minecraft/MinecraftServer]: Saving worlds
[10:21:15] [Server thread/INFO] [minecraft/MinecraftServer]: Saving chunks for level 'ServerLevel[Test Level]'/minecraft:overworld
[10:21:15] [Server thread/INFO] [minecraft/MinecraftServer]: Saving chunks for level 'ServerLevel[Test Level]'/minecraft:the_end
[10:21:15] [Server thread/INFO] [minecraft/MinecraftServer]: Saving chunks for level 'ServerLevel[Test Level]'/minecraft:the_nether
[10:21:15] [Server thread/INFO] [minecraft/MinecraftServer]: ThreadedAnvilChunkStorage (world): All chunks are saved
[10:21:15] [Server thread/INFO] [minecraft/MinecraftServer]: ThreadedAnvilChunkStorage (DIM1): All chunks are saved
[10:21:15] [Server thread/INFO] [minecraft/MinecraftServer]: ThreadedAnvilChunkStorage (DIM-1): All chunks are saved
[10:21:15] [Server thread/INFO] [minecraft/MinecraftServer]: ThreadedAnvilChunkStorage: All dimensions are saved
[10:21:16] [Server thread/INFO] [minecraft/GameTestServer]: Game test server shutting down

BUILD SUCCESSFUL in 2m 6s
42 actionable tasks: 6 executed, 36 up-to-date
